<?xml version="1.0" encoding="UTF-8" ?>
<!-- This is a WordPress eXtended RSS file generated by WordPress as an export of your site. -->
<!-- It contains information about your site's posts, pages, comments, categories, and other content. -->
<!-- You may use this file to transfer that content from one site to another. -->
<!-- This file is not intended to serve as a complete backup of your site. -->

<!-- To import this information into a WordPress site follow these steps: -->
<!-- 1. Log in to that site as an administrator. -->
<!-- 2. Go to Tools: Import in the WordPress admin panel. -->
<!-- 3. Install the "WordPress" importer from the list. -->
<!-- 4. Activate & Run Importer. -->
<!-- 5. Upload this file using the form provided on that page. -->
<!-- 6. You will first be asked to map the authors in this export file to users -->
<!--    on the site. For each author, you may choose to map to an -->
<!--    existing user on the site or to create a new user. -->
<!-- 7. WordPress will then import each of the posts, pages, comments, categories, etc. -->
<!--    contained in this file into your site. -->

<!-- generator="WordPress/4.9.7" created="2018-07-31 17:13" -->
<rss version="2.0"
	xmlns:excerpt="http://wordpress.org/export/1.2/excerpt/"
	xmlns:content="http://purl.org/rss/1.0/modules/content/"
	xmlns:wfw="http://wellformedweb.org/CommentAPI/"
	xmlns:dc="http://purl.org/dc/elements/1.1/"
	xmlns:wp="http://wordpress.org/export/1.2/"
>

<channel>
	<title>The Bootstrap Themes</title>
	<link>https://phantomthemes.com/demo/ultrabootstrap</link>
	<description>Light Wordrpes Theme</description>
	<pubDate>Tue, 31 Jul 2018 17:13:19 +0000</pubDate>
	<language>en-US</language>
	<wp:wxr_version>1.2</wp:wxr_version>
	<wp:base_site_url>https://phantomthemes.com/demo/ultrabootstrap</wp:base_site_url>
	<wp:base_blog_url>https://phantomthemes.com/demo/ultrabootstrap</wp:base_blog_url>

	<wp:author><wp:author_id>1</wp:author_id><wp:author_login><![CDATA[phantom]]></wp:author_login><wp:author_email><![CDATA[phantomthemes@gmail.com]]></wp:author_email><wp:author_display_name><![CDATA[phanto]]></wp:author_display_name><wp:author_first_name><![CDATA[Phantom]]></wp:author_first_name><wp:author_last_name><![CDATA[Themes]]></wp:author_last_name></wp:author>

	<wp:category>
		<wp:term_id>4</wp:term_id>
		<wp:category_nicename><![CDATA[blog]]></wp:category_nicename>
		<wp:category_parent><![CDATA[]]></wp:category_parent>
		<wp:cat_name><![CDATA[Blog]]></wp:cat_name>
	</wp:category>
	<wp:category>
		<wp:term_id>1</wp:term_id>
		<wp:category_nicename><![CDATA[featured]]></wp:category_nicename>
		<wp:category_parent><![CDATA[]]></wp:category_parent>
		<wp:cat_name><![CDATA[featured]]></wp:cat_name>
	</wp:category>
	<wp:category>
		<wp:term_id>2</wp:term_id>
		<wp:category_nicename><![CDATA[slider]]></wp:category_nicename>
		<wp:category_parent><![CDATA[]]></wp:category_parent>
		<wp:cat_name><![CDATA[slider]]></wp:cat_name>
	</wp:category>
	<wp:tag>
		<wp:term_id>5</wp:term_id>
		<wp:tag_slug><![CDATA[blog]]></wp:tag_slug>
		<wp:tag_name><![CDATA[blog]]></wp:tag_name>
	</wp:tag>
	<wp:tag>
		<wp:term_id>6</wp:term_id>
		<wp:tag_slug><![CDATA[bootstrap]]></wp:tag_slug>
		<wp:tag_name><![CDATA[bootstrap]]></wp:tag_name>
	</wp:tag>
	<wp:tag>
		<wp:term_id>15</wp:term_id>
		<wp:tag_slug><![CDATA[feature]]></wp:tag_slug>
		<wp:tag_name><![CDATA[feature]]></wp:tag_name>
	</wp:tag>
	<wp:tag>
		<wp:term_id>14</wp:term_id>
		<wp:tag_slug><![CDATA[horizontal]]></wp:tag_slug>
		<wp:tag_name><![CDATA[horizontal]]></wp:tag_name>
	</wp:tag>
	<wp:tag>
		<wp:term_id>16</wp:term_id>
		<wp:tag_slug><![CDATA[iamges]]></wp:tag_slug>
		<wp:tag_name><![CDATA[iamges]]></wp:tag_name>
	</wp:tag>
	<wp:tag>
		<wp:term_id>9</wp:term_id>
		<wp:tag_slug><![CDATA[image]]></wp:tag_slug>
		<wp:tag_name><![CDATA[image]]></wp:tag_name>
	</wp:tag>
	<wp:tag>
		<wp:term_id>11</wp:term_id>
		<wp:tag_slug><![CDATA[it]]></wp:tag_slug>
		<wp:tag_name><![CDATA[It]]></wp:tag_name>
	</wp:tag>
	<wp:tag>
		<wp:term_id>12</wp:term_id>
		<wp:tag_slug><![CDATA[pagination]]></wp:tag_slug>
		<wp:tag_name><![CDATA[Pagination]]></wp:tag_name>
	</wp:tag>
	<wp:tag>
		<wp:term_id>17</wp:term_id>
		<wp:tag_slug><![CDATA[supports]]></wp:tag_slug>
		<wp:tag_name><![CDATA[supports]]></wp:tag_name>
	</wp:tag>
	<wp:tag>
		<wp:term_id>10</wp:term_id>
		<wp:tag_slug><![CDATA[test]]></wp:tag_slug>
		<wp:tag_name><![CDATA[test]]></wp:tag_name>
	</wp:tag>
	<wp:tag>
		<wp:term_id>7</wp:term_id>
		<wp:tag_slug><![CDATA[themes]]></wp:tag_slug>
		<wp:tag_name><![CDATA[themes]]></wp:tag_name>
	</wp:tag>
	<wp:tag>
		<wp:term_id>13</wp:term_id>
		<wp:tag_slug><![CDATA[vertical]]></wp:tag_slug>
		<wp:tag_name><![CDATA[vertical]]></wp:tag_name>
	</wp:tag>
	<wp:tag>
		<wp:term_id>8</wp:term_id>
		<wp:tag_slug><![CDATA[wordpress]]></wp:tag_slug>
		<wp:tag_name><![CDATA[wordpress]]></wp:tag_name>
	</wp:tag>
	<wp:term>
		<wp:term_id><![CDATA[4]]></wp:term_id>
		<wp:term_taxonomy><![CDATA[category]]></wp:term_taxonomy>
		<wp:term_slug><![CDATA[blog]]></wp:term_slug>
		<wp:term_parent><![CDATA[]]></wp:term_parent>
		<wp:term_name><![CDATA[Blog]]></wp:term_name>
	</wp:term>
	<wp:term>
		<wp:term_id><![CDATA[5]]></wp:term_id>
		<wp:term_taxonomy><![CDATA[post_tag]]></wp:term_taxonomy>
		<wp:term_slug><![CDATA[blog]]></wp:term_slug>
		<wp:term_parent><![CDATA[]]></wp:term_parent>
		<wp:term_name><![CDATA[blog]]></wp:term_name>
	</wp:term>
	<wp:term>
		<wp:term_id><![CDATA[6]]></wp:term_id>
		<wp:term_taxonomy><![CDATA[post_tag]]></wp:term_taxonomy>
		<wp:term_slug><![CDATA[bootstrap]]></wp:term_slug>
		<wp:term_parent><![CDATA[]]></wp:term_parent>
		<wp:term_name><![CDATA[bootstrap]]></wp:term_name>
	</wp:term>
	<wp:term>
		<wp:term_id><![CDATA[15]]></wp:term_id>
		<wp:term_taxonomy><![CDATA[post_tag]]></wp:term_taxonomy>
		<wp:term_slug><![CDATA[feature]]></wp:term_slug>
		<wp:term_parent><![CDATA[]]></wp:term_parent>
		<wp:term_name><![CDATA[feature]]></wp:term_name>
	</wp:term>
	<wp:term>
		<wp:term_id><![CDATA[1]]></wp:term_id>
		<wp:term_taxonomy><![CDATA[category]]></wp:term_taxonomy>
		<wp:term_slug><![CDATA[featured]]></wp:term_slug>
		<wp:term_parent><![CDATA[]]></wp:term_parent>
		<wp:term_name><![CDATA[featured]]></wp:term_name>
	</wp:term>
	<wp:term>
		<wp:term_id><![CDATA[14]]></wp:term_id>
		<wp:term_taxonomy><![CDATA[post_tag]]></wp:term_taxonomy>
		<wp:term_slug><![CDATA[horizontal]]></wp:term_slug>
		<wp:term_parent><![CDATA[]]></wp:term_parent>
		<wp:term_name><![CDATA[horizontal]]></wp:term_name>
	</wp:term>
	<wp:term>
		<wp:term_id><![CDATA[16]]></wp:term_id>
		<wp:term_taxonomy><![CDATA[post_tag]]></wp:term_taxonomy>
		<wp:term_slug><![CDATA[iamges]]></wp:term_slug>
		<wp:term_parent><![CDATA[]]></wp:term_parent>
		<wp:term_name><![CDATA[iamges]]></wp:term_name>
	</wp:term>
	<wp:term>
		<wp:term_id><![CDATA[9]]></wp:term_id>
		<wp:term_taxonomy><![CDATA[post_tag]]></wp:term_taxonomy>
		<wp:term_slug><![CDATA[image]]></wp:term_slug>
		<wp:term_parent><![CDATA[]]></wp:term_parent>
		<wp:term_name><![CDATA[image]]></wp:term_name>
	</wp:term>
	<wp:term>
		<wp:term_id><![CDATA[11]]></wp:term_id>
		<wp:term_taxonomy><![CDATA[post_tag]]></wp:term_taxonomy>
		<wp:term_slug><![CDATA[it]]></wp:term_slug>
		<wp:term_parent><![CDATA[]]></wp:term_parent>
		<wp:term_name><![CDATA[It]]></wp:term_name>
	</wp:term>
	<wp:term>
		<wp:term_id><![CDATA[12]]></wp:term_id>
		<wp:term_taxonomy><![CDATA[post_tag]]></wp:term_taxonomy>
		<wp:term_slug><![CDATA[pagination]]></wp:term_slug>
		<wp:term_parent><![CDATA[]]></wp:term_parent>
		<wp:term_name><![CDATA[Pagination]]></wp:term_name>
	</wp:term>
	<wp:term>
		<wp:term_id><![CDATA[3]]></wp:term_id>
		<wp:term_taxonomy><![CDATA[nav_menu]]></wp:term_taxonomy>
		<wp:term_slug><![CDATA[primary-menu]]></wp:term_slug>
		<wp:term_parent><![CDATA[]]></wp:term_parent>
		<wp:term_name><![CDATA[Primary Menu]]></wp:term_name>
	</wp:term>
	<wp:term>
		<wp:term_id><![CDATA[2]]></wp:term_id>
		<wp:term_taxonomy><![CDATA[category]]></wp:term_taxonomy>
		<wp:term_slug><![CDATA[slider]]></wp:term_slug>
		<wp:term_parent><![CDATA[]]></wp:term_parent>
		<wp:term_name><![CDATA[slider]]></wp:term_name>
	</wp:term>
	<wp:term>
		<wp:term_id><![CDATA[17]]></wp:term_id>
		<wp:term_taxonomy><![CDATA[post_tag]]></wp:term_taxonomy>
		<wp:term_slug><![CDATA[supports]]></wp:term_slug>
		<wp:term_parent><![CDATA[]]></wp:term_parent>
		<wp:term_name><![CDATA[supports]]></wp:term_name>
	</wp:term>
	<wp:term>
		<wp:term_id><![CDATA[10]]></wp:term_id>
		<wp:term_taxonomy><![CDATA[post_tag]]></wp:term_taxonomy>
		<wp:term_slug><![CDATA[test]]></wp:term_slug>
		<wp:term_parent><![CDATA[]]></wp:term_parent>
		<wp:term_name><![CDATA[test]]></wp:term_name>
	</wp:term>
	<wp:term>
		<wp:term_id><![CDATA[7]]></wp:term_id>
		<wp:term_taxonomy><![CDATA[post_tag]]></wp:term_taxonomy>
		<wp:term_slug><![CDATA[themes]]></wp:term_slug>
		<wp:term_parent><![CDATA[]]></wp:term_parent>
		<wp:term_name><![CDATA[themes]]></wp:term_name>
	</wp:term>
	<wp:term>
		<wp:term_id><![CDATA[13]]></wp:term_id>
		<wp:term_taxonomy><![CDATA[post_tag]]></wp:term_taxonomy>
		<wp:term_slug><![CDATA[vertical]]></wp:term_slug>
		<wp:term_parent><![CDATA[]]></wp:term_parent>
		<wp:term_name><![CDATA[vertical]]></wp:term_name>
	</wp:term>
	<wp:term>
		<wp:term_id><![CDATA[8]]></wp:term_id>
		<wp:term_taxonomy><![CDATA[post_tag]]></wp:term_taxonomy>
		<wp:term_slug><![CDATA[wordpress]]></wp:term_slug>
		<wp:term_parent><![CDATA[]]></wp:term_parent>
		<wp:term_name><![CDATA[wordpress]]></wp:term_name>
	</wp:term>
	<wp:term><wp:term_id>3</wp:term_id><wp:term_taxonomy>nav_menu</wp:term_taxonomy><wp:term_slug><![CDATA[primary-menu]]></wp:term_slug><wp:term_name><![CDATA[Primary Menu]]></wp:term_name>
</wp:term>

	<generator>https://wordpress.org/?v=4.9.7</generator>

	<item>
		<title></title>
		<link>https://phantomthemes.com/demo/ultrabootstrap/26/</link>
		<pubDate>Tue, 15 Dec 2015 17:10:44 +0000</pubDate>
		<dc:creator><![CDATA[phantom]]></dc:creator>
		<guid isPermaLink="false">http://thebootstrapthemes.com/demo/?p=26</guid>
		<description></description>
		<content:encoded><![CDATA[ ]]></content:encoded>
		<excerpt:encoded><![CDATA[]]></excerpt:encoded>
		<wp:post_id>26</wp:post_id>
		<wp:post_date><![CDATA[2015-12-15 17:10:44]]></wp:post_date>
		<wp:post_date_gmt><![CDATA[2015-12-15 17:10:44]]></wp:post_date_gmt>
		<wp:comment_status><![CDATA[closed]]></wp:comment_status>
		<wp:ping_status><![CDATA[closed]]></wp:ping_status>
		<wp:post_name><![CDATA[26]]></wp:post_name>
		<wp:status><![CDATA[publish]]></wp:status>
		<wp:post_parent>0</wp:post_parent>
		<wp:menu_order>1</wp:menu_order>
		<wp:post_type><![CDATA[nav_menu_item]]></wp:post_type>
		<wp:post_password><![CDATA[]]></wp:post_password>
		<wp:is_sticky>0</wp:is_sticky>
		<category domain="nav_menu" nicename="primary-menu"><![CDATA[Primary Menu]]></category>
		<wp:postmeta>
			<wp:meta_key><![CDATA[_menu_item_type]]></wp:meta_key>
			<wp:meta_value><![CDATA[post_type]]></wp:meta_value>
		</wp:postmeta>
		<wp:postmeta>
			<wp:meta_key><![CDATA[_menu_item_menu_item_parent]]></wp:meta_key>
			<wp:meta_value><![CDATA[0]]></wp:meta_value>
		</wp:postmeta>
		<wp:postmeta>
			<wp:meta_key><![CDATA[_menu_item_object_id]]></wp:meta_key>
			<wp:meta_value><![CDATA[12]]></wp:meta_value>
		</wp:postmeta>
		<wp:postmeta>
			<wp:meta_key><![CDATA[_menu_item_object]]></wp:meta_key>
			<wp:meta_value><![CDATA[page]]></wp:meta_value>
		</wp:postmeta>
		<wp:postmeta>
			<wp:meta_key><![CDATA[_menu_item_target]]></wp:meta_key>
			<wp:meta_value><![CDATA[]]></wp:meta_value>
		</wp:postmeta>
		<wp:postmeta>
			<wp:meta_key><![CDATA[_menu_item_classes]]></wp:meta_key>
			<wp:meta_value><![CDATA[a:1:{i:0;s:0:"";}]]></wp:meta_value>
		</wp:postmeta>
		<wp:postmeta>
			<wp:meta_key><![CDATA[_menu_item_xfn]]></wp:meta_key>
			<wp:meta_value><![CDATA[]]></wp:meta_value>
		</wp:postmeta>
		<wp:postmeta>
			<wp:meta_key><![CDATA[_menu_item_url]]></wp:meta_key>
			<wp:meta_value><![CDATA[]]></wp:meta_value>
		</wp:postmeta>
	</item>
	<item>
		<title></title>
		<link>https://phantomthemes.com/demo/ultrabootstrap/27/</link>
		<pubDate>Tue, 15 Dec 2015 17:10:44 +0000</pubDate>
		<dc:creator><![CDATA[phantom]]></dc:creator>
		<guid isPermaLink="false">http://thebootstrapthemes.com/demo/?p=27</guid>
		<description></description>
		<content:encoded><![CDATA[ ]]></content:encoded>
		<excerpt:encoded><![CDATA[]]></excerpt:encoded>
		<wp:post_id>27</wp:post_id>
		<wp:post_date><![CDATA[2015-12-15 17:10:44]]></wp:post_date>
		<wp:post_date_gmt><![CDATA[2015-12-15 17:10:44]]></wp:post_date_gmt>
		<wp:comment_status><![CDATA[closed]]></wp:comment_status>
		<wp:ping_status><![CDATA[closed]]></wp:ping_status>
		<wp:post_name><![CDATA[27]]></wp:post_name>
		<wp:status><![CDATA[publish]]></wp:status>
		<wp:post_parent>0</wp:post_parent>
		<wp:menu_order>4</wp:menu_order>
		<wp:post_type><![CDATA[nav_menu_item]]></wp:post_type>
		<wp:post_password><![CDATA[]]></wp:post_password>
		<wp:is_sticky>0</wp:is_sticky>
		<category domain="nav_menu" nicename="primary-menu"><![CDATA[Primary Menu]]></category>
		<wp:postmeta>
			<wp:meta_key><![CDATA[_menu_item_type]]></wp:meta_key>
			<wp:meta_value><![CDATA[post_type]]></wp:meta_value>
		</wp:postmeta>
		<wp:postmeta>
			<wp:meta_key><![CDATA[_menu_item_menu_item_parent]]></wp:meta_key>
			<wp:meta_value><![CDATA[0]]></wp:meta_value>
		</wp:postmeta>
		<wp:postmeta>
			<wp:meta_key><![CDATA[_menu_item_object_id]]></wp:meta_key>
			<wp:meta_value><![CDATA[7]]></wp:meta_value>
		</wp:postmeta>
		<wp:postmeta>
			<wp:meta_key><![CDATA[_menu_item_object]]></wp:meta_key>
			<wp:meta_value><![CDATA[page]]></wp:meta_value>
		</wp:postmeta>
		<wp:postmeta>
			<wp:meta_key><![CDATA[_menu_item_target]]></wp:meta_key>
			<wp:meta_value><![CDATA[]]></wp:meta_value>
		</wp:postmeta>
		<wp:postmeta>
			<wp:meta_key><![CDATA[_menu_item_classes]]></wp:meta_key>
			<wp:meta_value><![CDATA[a:1:{i:0;s:0:"";}]]></wp:meta_value>
		</wp:postmeta>
		<wp:postmeta>
			<wp:meta_key><![CDATA[_menu_item_xfn]]></wp:meta_key>
			<wp:meta_value><![CDATA[]]></wp:meta_value>
		</wp:postmeta>
		<wp:postmeta>
			<wp:meta_key><![CDATA[_menu_item_url]]></wp:meta_key>
			<wp:meta_value><![CDATA[]]></wp:meta_value>
		</wp:postmeta>
	</item>
	<item>
		<title>1</title>
		<link>https://phantomthemes.com/demo/ultrabootstrap/bootstrap-best-themes/attachment/1/</link>
		<pubDate>Sat, 05 Dec 2015 16:29:28 +0000</pubDate>
		<dc:creator><![CDATA[phantom]]></dc:creator>
		<guid isPermaLink="false">http://thebootstrapthemes.com/demo/wp-content/uploads/2015/12/1.jpg</guid>
		<description></description>
		<content:encoded><![CDATA[]]></content:encoded>
		<excerpt:encoded><![CDATA[]]></excerpt:encoded>
		<wp:post_id>16</wp:post_id>
		<wp:post_date><![CDATA[2015-12-05 16:29:28]]></wp:post_date>
		<wp:post_date_gmt><![CDATA[2015-12-05 16:29:28]]></wp:post_date_gmt>
		<wp:comment_status><![CDATA[open]]></wp:comment_status>
		<wp:ping_status><![CDATA[closed]]></wp:ping_status>
		<wp:post_name><![CDATA[1]]></wp:post_name>
		<wp:status><![CDATA[inherit]]></wp:status>
		<wp:post_parent>10</wp:post_parent>
		<wp:menu_order>0</wp:menu_order>
		<wp:post_type><![CDATA[attachment]]></wp:post_type>
		<wp:post_password><![CDATA[]]></wp:post_password>
		<wp:is_sticky>0</wp:is_sticky>
		<wp:attachment_url><![CDATA[https://phantomthemes.com/demo/ultrabootstrap/wp-content/uploads/2015/12/1.jpg]]></wp:attachment_url>
		<wp:postmeta>
			<wp:meta_key><![CDATA[_wp_attached_file]]></wp:meta_key>
			<wp:meta_value><![CDATA[2015/12/1.jpg]]></wp:meta_value>
		</wp:postmeta>
		<wp:postmeta>
			<wp:meta_key><![CDATA[_wp_attachment_metadata]]></wp:meta_key>
			<wp:meta_value><![CDATA[a:5:{s:5:"width";i:1400;s:6:"height";i:600;s:4:"file";s:13:"2015/12/1.jpg";s:5:"sizes";a:8:{s:9:"thumbnail";a:4:{s:4:"file";s:13:"1-200x150.jpg";s:5:"width";i:200;s:6:"height";i:150;s:9:"mime-type";s:10:"image/jpeg";}s:6:"medium";a:4:{s:4:"file";s:13:"1-400x171.jpg";s:5:"width";i:400;s:6:"height";i:171;s:9:"mime-type";s:10:"image/jpeg";}s:5:"large";a:4:{s:4:"file";s:14:"1-1024x439.jpg";s:5:"width";i:1024;s:6:"height";i:439;s:9:"mime-type";s:10:"image/jpeg";}s:14:"post-thumbnail";a:4:{s:4:"file";s:13:"1-571x373.jpg";s:5:"width";i:571;s:6:"height";i:373;s:9:"mime-type";s:10:"image/jpeg";}s:12:"slider-thumb";a:4:{s:4:"file";s:13:"1-492x318.jpg";s:5:"width";i:492;s:6:"height";i:318;s:9:"mime-type";s:10:"image/jpeg";}s:10:"home-thumb";a:4:{s:4:"file";s:13:"1-360x240.jpg";s:5:"width";i:360;s:6:"height";i:240;s:9:"mime-type";s:10:"image/jpeg";}s:15:"portfolio-thumb";a:4:{s:4:"file";s:13:"1-860x369.jpg";s:5:"width";i:860;s:6:"height";i:369;s:9:"mime-type";s:10:"image/jpeg";}s:12:"single-thumb";a:4:{s:4:"file";s:13:"1-860x369.jpg";s:5:"width";i:860;s:6:"height";i:369;s:9:"mime-type";s:10:"image/jpeg";}}s:10:"image_meta";a:11:{s:8:"aperture";i:0;s:6:"credit";s:0:"";s:6:"camera";s:0:"";s:7:"caption";s:0:"";s:17:"created_timestamp";i:0;s:9:"copyright";s:0:"";s:12:"focal_length";i:0;s:3:"iso";i:0;s:13:"shutter_speed";i:0;s:5:"title";s:0:"";s:11:"orientation";i:1;}}]]></wp:meta_value>
		</wp:postmeta>
	</item>
	<item>
		<title>2</title>
		<link>https://phantomthemes.com/demo/ultrabootstrap/bootstrap-best-themes/attachment/2/</link>
		<pubDate>Sat, 05 Dec 2015 16:30:22 +0000</pubDate>
		<dc:creator><![CDATA[phantom]]></dc:creator>
		<guid isPermaLink="false">http://thebootstrapthemes.com/demo/wp-content/uploads/2015/12/2.jpg</guid>
		<description></description>
		<content:encoded><![CDATA[]]></content:encoded>
		<excerpt:encoded><![CDATA[]]></excerpt:encoded>
		<wp:post_id>17</wp:post_id>
		<wp:post_date><![CDATA[2015-12-05 16:30:22]]></wp:post_date>
		<wp:post_date_gmt><![CDATA[2015-12-05 16:30:22]]></wp:post_date_gmt>
		<wp:comment_status><![CDATA[open]]></wp:comment_status>
		<wp:ping_status><![CDATA[closed]]></wp:ping_status>
		<wp:post_name><![CDATA[2]]></wp:post_name>
		<wp:status><![CDATA[inherit]]></wp:status>
		<wp:post_parent>10</wp:post_parent>
		<wp:menu_order>0</wp:menu_order>
		<wp:post_type><![CDATA[attachment]]></wp:post_type>
		<wp:post_password><![CDATA[]]></wp:post_password>
		<wp:is_sticky>0</wp:is_sticky>
		<wp:attachment_url><![CDATA[https://phantomthemes.com/demo/ultrabootstrap/wp-content/uploads/2015/12/2.jpg]]></wp:attachment_url>
		<wp:postmeta>
			<wp:meta_key><![CDATA[_wp_attached_file]]></wp:meta_key>
			<wp:meta_value><![CDATA[2015/12/2.jpg]]></wp:meta_value>
		</wp:postmeta>
		<wp:postmeta>
			<wp:meta_key><![CDATA[_wp_attachment_metadata]]></wp:meta_key>
			<wp:meta_value><![CDATA[a:5:{s:5:"width";i:1400;s:6:"height";i:600;s:4:"file";s:13:"2015/12/2.jpg";s:5:"sizes";a:8:{s:9:"thumbnail";a:4:{s:4:"file";s:13:"2-200x150.jpg";s:5:"width";i:200;s:6:"height";i:150;s:9:"mime-type";s:10:"image/jpeg";}s:6:"medium";a:4:{s:4:"file";s:13:"2-400x171.jpg";s:5:"width";i:400;s:6:"height";i:171;s:9:"mime-type";s:10:"image/jpeg";}s:5:"large";a:4:{s:4:"file";s:14:"2-1024x439.jpg";s:5:"width";i:1024;s:6:"height";i:439;s:9:"mime-type";s:10:"image/jpeg";}s:14:"post-thumbnail";a:4:{s:4:"file";s:13:"2-571x373.jpg";s:5:"width";i:571;s:6:"height";i:373;s:9:"mime-type";s:10:"image/jpeg";}s:12:"slider-thumb";a:4:{s:4:"file";s:13:"2-492x318.jpg";s:5:"width";i:492;s:6:"height";i:318;s:9:"mime-type";s:10:"image/jpeg";}s:10:"home-thumb";a:4:{s:4:"file";s:13:"2-360x240.jpg";s:5:"width";i:360;s:6:"height";i:240;s:9:"mime-type";s:10:"image/jpeg";}s:15:"portfolio-thumb";a:4:{s:4:"file";s:13:"2-860x369.jpg";s:5:"width";i:860;s:6:"height";i:369;s:9:"mime-type";s:10:"image/jpeg";}s:12:"single-thumb";a:4:{s:4:"file";s:13:"2-860x369.jpg";s:5:"width";i:860;s:6:"height";i:369;s:9:"mime-type";s:10:"image/jpeg";}}s:10:"image_meta";a:11:{s:8:"aperture";i:0;s:6:"credit";s:0:"";s:6:"camera";s:0:"";s:7:"caption";s:0:"";s:17:"created_timestamp";i:0;s:9:"copyright";s:0:"";s:12:"focal_length";i:0;s:3:"iso";i:0;s:13:"shutter_speed";i:0;s:5:"title";s:0:"";s:11:"orientation";i:1;}}]]></wp:meta_value>
		</wp:postmeta>
	</item>
	<item>
		<title></title>
		<link>https://phantomthemes.com/demo/ultrabootstrap/28/</link>
		<pubDate>Tue, 15 Dec 2015 17:10:44 +0000</pubDate>
		<dc:creator><![CDATA[phantom]]></dc:creator>
		<guid isPermaLink="false">http://thebootstrapthemes.com/demo/?p=28</guid>
		<description></description>
		<content:encoded><![CDATA[ ]]></content:encoded>
		<excerpt:encoded><![CDATA[]]></excerpt:encoded>
		<wp:post_id>28</wp:post_id>
		<wp:post_date><![CDATA[2015-12-15 17:10:44]]></wp:post_date>
		<wp:post_date_gmt><![CDATA[2015-12-15 17:10:44]]></wp:post_date_gmt>
		<wp:comment_status><![CDATA[closed]]></wp:comment_status>
		<wp:ping_status><![CDATA[closed]]></wp:ping_status>
		<wp:post_name><![CDATA[28]]></wp:post_name>
		<wp:status><![CDATA[publish]]></wp:status>
		<wp:post_parent>0</wp:post_parent>
		<wp:menu_order>5</wp:menu_order>
		<wp:post_type><![CDATA[nav_menu_item]]></wp:post_type>
		<wp:post_password><![CDATA[]]></wp:post_password>
		<wp:is_sticky>0</wp:is_sticky>
		<category domain="nav_menu" nicename="primary-menu"><![CDATA[Primary Menu]]></category>
		<wp:postmeta>
			<wp:meta_key><![CDATA[_menu_item_type]]></wp:meta_key>
			<wp:meta_value><![CDATA[post_type]]></wp:meta_value>
		</wp:postmeta>
		<wp:postmeta>
			<wp:meta_key><![CDATA[_menu_item_menu_item_parent]]></wp:meta_key>
			<wp:meta_value><![CDATA[0]]></wp:meta_value>
		</wp:postmeta>
		<wp:postmeta>
			<wp:meta_key><![CDATA[_menu_item_object_id]]></wp:meta_key>
			<wp:meta_value><![CDATA[2]]></wp:meta_value>
		</wp:postmeta>
		<wp:postmeta>
			<wp:meta_key><![CDATA[_menu_item_object]]></wp:meta_key>
			<wp:meta_value><![CDATA[page]]></wp:meta_value>
		</wp:postmeta>
		<wp:postmeta>
			<wp:meta_key><![CDATA[_menu_item_target]]></wp:meta_key>
			<wp:meta_value><![CDATA[]]></wp:meta_value>
		</wp:postmeta>
		<wp:postmeta>
			<wp:meta_key><![CDATA[_menu_item_classes]]></wp:meta_key>
			<wp:meta_value><![CDATA[a:1:{i:0;s:0:"";}]]></wp:meta_value>
		</wp:postmeta>
		<wp:postmeta>
			<wp:meta_key><![CDATA[_menu_item_xfn]]></wp:meta_key>
			<wp:meta_value><![CDATA[]]></wp:meta_value>
		</wp:postmeta>
		<wp:postmeta>
			<wp:meta_key><![CDATA[_menu_item_url]]></wp:meta_key>
			<wp:meta_value><![CDATA[]]></wp:meta_value>
		</wp:postmeta>
	</item>
	<item>
		<title>cropped-log-new.png</title>
		<link>https://phantomthemes.com/demo/ultrabootstrap/cropped-log-new-png/</link>
		<pubDate>Tue, 24 May 2016 12:23:08 +0000</pubDate>
		<dc:creator><![CDATA[phantom]]></dc:creator>
		<guid isPermaLink="false">http://thebootstrapthemes.com/demo/thebootstrapthemes_ultrapresss/wp-content/uploads/2016/05/cropped-log-new.png</guid>
		<description></description>
		<content:encoded><![CDATA[http://thebootstrapthemes.com/demo/thebootstrapthemes_ultrapresss/wp-content/uploads/2016/05/cropped-log-new.png]]></content:encoded>
		<excerpt:encoded><![CDATA[]]></excerpt:encoded>
		<wp:post_id>41</wp:post_id>
		<wp:post_date><![CDATA[2016-05-24 12:23:08]]></wp:post_date>
		<wp:post_date_gmt><![CDATA[2016-05-24 12:23:08]]></wp:post_date_gmt>
		<wp:comment_status><![CDATA[open]]></wp:comment_status>
		<wp:ping_status><![CDATA[closed]]></wp:ping_status>
		<wp:post_name><![CDATA[cropped-log-new-png]]></wp:post_name>
		<wp:status><![CDATA[inherit]]></wp:status>
		<wp:post_parent>0</wp:post_parent>
		<wp:menu_order>0</wp:menu_order>
		<wp:post_type><![CDATA[attachment]]></wp:post_type>
		<wp:post_password><![CDATA[]]></wp:post_password>
		<wp:is_sticky>0</wp:is_sticky>
		<wp:attachment_url><![CDATA[https://phantomthemes.com/demo/ultrabootstrap/wp-content/uploads/2016/05/cropped-log-new.png]]></wp:attachment_url>
		<wp:postmeta>
			<wp:meta_key><![CDATA[_wp_attached_file]]></wp:meta_key>
			<wp:meta_value><![CDATA[2016/05/cropped-log-new.png]]></wp:meta_value>
		</wp:postmeta>
		<wp:postmeta>
			<wp:meta_key><![CDATA[_wp_attachment_context]]></wp:meta_key>
			<wp:meta_value><![CDATA[custom-logo]]></wp:meta_value>
		</wp:postmeta>
		<wp:postmeta>
			<wp:meta_key><![CDATA[_wp_attachment_metadata]]></wp:meta_key>
			<wp:meta_value><![CDATA[a:5:{s:5:"width";i:399;s:6:"height";i:175;s:4:"file";s:27:"2016/05/cropped-log-new.png";s:5:"sizes";a:1:{s:9:"thumbnail";a:4:{s:4:"file";s:27:"cropped-log-new-200x150.png";s:5:"width";i:200;s:6:"height";i:150;s:9:"mime-type";s:9:"image/png";}}s:10:"image_meta";a:12:{s:8:"aperture";s:1:"0";s:6:"credit";s:0:"";s:6:"camera";s:0:"";s:7:"caption";s:0:"";s:17:"created_timestamp";s:1:"0";s:9:"copyright";s:0:"";s:12:"focal_length";s:1:"0";s:3:"iso";s:1:"0";s:13:"shutter_speed";s:1:"0";s:5:"title";s:0:"";s:11:"orientation";s:1:"0";s:8:"keywords";a:0:{}}}]]></wp:meta_value>
		</wp:postmeta>
	</item>
	<item>
		<title>r2Xmw0IESdeCCu4eBb6d_33F3F57EBEB3600F3B377F32425EE595_B1280_1280_1200_800</title>
		<link>https://phantomthemes.com/demo/ultrabootstrap/blog-in-wordpress/r2xmw0iesdeccu4ebb6d_33f3f57ebeb3600f3b377f32425ee595_b1280_1280_1200_800/</link>
		<pubDate>Tue, 15 Dec 2015 17:25:36 +0000</pubDate>
		<dc:creator><![CDATA[phantom]]></dc:creator>
		<guid isPermaLink="false">http://thebootstrapthemes.com/demo/wp-content/uploads/2015/12/r2Xmw0IESdeCCu4eBb6d_33F3F57EBEB3600F3B377F32425EE595_B1280_1280_1200_800.jpeg</guid>
		<description></description>
		<content:encoded><![CDATA[]]></content:encoded>
		<excerpt:encoded><![CDATA[]]></excerpt:encoded>
		<wp:post_id>32</wp:post_id>
		<wp:post_date><![CDATA[2015-12-15 17:25:36]]></wp:post_date>
		<wp:post_date_gmt><![CDATA[2015-12-15 17:25:36]]></wp:post_date_gmt>
		<wp:comment_status><![CDATA[open]]></wp:comment_status>
		<wp:ping_status><![CDATA[closed]]></wp:ping_status>
		<wp:post_name><![CDATA[r2xmw0iesdeccu4ebb6d_33f3f57ebeb3600f3b377f32425ee595_b1280_1280_1200_800]]></wp:post_name>
		<wp:status><![CDATA[inherit]]></wp:status>
		<wp:post_parent>29</wp:post_parent>
		<wp:menu_order>0</wp:menu_order>
		<wp:post_type><![CDATA[attachment]]></wp:post_type>
		<wp:post_password><![CDATA[]]></wp:post_password>
		<wp:is_sticky>0</wp:is_sticky>
		<wp:attachment_url><![CDATA[https://phantomthemes.com/demo/ultrabootstrap/wp-content/uploads/2015/12/r2Xmw0IESdeCCu4eBb6d_33F3F57EBEB3600F3B377F32425EE595_B1280_1280_1200_800.jpeg]]></wp:attachment_url>
		<wp:postmeta>
			<wp:meta_key><![CDATA[_wp_attached_file]]></wp:meta_key>
			<wp:meta_value><![CDATA[2015/12/r2Xmw0IESdeCCu4eBb6d_33F3F57EBEB3600F3B377F32425EE595_B1280_1280_1200_800.jpeg]]></wp:meta_value>
		</wp:postmeta>
		<wp:postmeta>
			<wp:meta_key><![CDATA[_wp_attachment_metadata]]></wp:meta_key>
			<wp:meta_value><![CDATA[a:5:{s:5:"width";i:1200;s:6:"height";i:800;s:4:"file";s:86:"2015/12/r2Xmw0IESdeCCu4eBb6d_33F3F57EBEB3600F3B377F32425EE595_B1280_1280_1200_800.jpeg";s:5:"sizes";a:8:{s:9:"thumbnail";a:4:{s:4:"file";s:86:"r2Xmw0IESdeCCu4eBb6d_33F3F57EBEB3600F3B377F32425EE595_B1280_1280_1200_800-200x150.jpeg";s:5:"width";i:200;s:6:"height";i:150;s:9:"mime-type";s:10:"image/jpeg";}s:6:"medium";a:4:{s:4:"file";s:86:"r2Xmw0IESdeCCu4eBb6d_33F3F57EBEB3600F3B377F32425EE595_B1280_1280_1200_800-400x267.jpeg";s:5:"width";i:400;s:6:"height";i:267;s:9:"mime-type";s:10:"image/jpeg";}s:5:"large";a:4:{s:4:"file";s:87:"r2Xmw0IESdeCCu4eBb6d_33F3F57EBEB3600F3B377F32425EE595_B1280_1280_1200_800-1024x683.jpeg";s:5:"width";i:1024;s:6:"height";i:683;s:9:"mime-type";s:10:"image/jpeg";}s:14:"post-thumbnail";a:4:{s:4:"file";s:86:"r2Xmw0IESdeCCu4eBb6d_33F3F57EBEB3600F3B377F32425EE595_B1280_1280_1200_800-571x373.jpeg";s:5:"width";i:571;s:6:"height";i:373;s:9:"mime-type";s:10:"image/jpeg";}s:12:"slider-thumb";a:4:{s:4:"file";s:86:"r2Xmw0IESdeCCu4eBb6d_33F3F57EBEB3600F3B377F32425EE595_B1280_1280_1200_800-492x318.jpeg";s:5:"width";i:492;s:6:"height";i:318;s:9:"mime-type";s:10:"image/jpeg";}s:10:"home-thumb";a:4:{s:4:"file";s:86:"r2Xmw0IESdeCCu4eBb6d_33F3F57EBEB3600F3B377F32425EE595_B1280_1280_1200_800-360x240.jpeg";s:5:"width";i:360;s:6:"height";i:240;s:9:"mime-type";s:10:"image/jpeg";}s:15:"portfolio-thumb";a:4:{s:4:"file";s:86:"r2Xmw0IESdeCCu4eBb6d_33F3F57EBEB3600F3B377F32425EE595_B1280_1280_1200_800-860x573.jpeg";s:5:"width";i:860;s:6:"height";i:573;s:9:"mime-type";s:10:"image/jpeg";}s:12:"single-thumb";a:4:{s:4:"file";s:86:"r2Xmw0IESdeCCu4eBb6d_33F3F57EBEB3600F3B377F32425EE595_B1280_1280_1200_800-860x573.jpeg";s:5:"width";i:860;s:6:"height";i:573;s:9:"mime-type";s:10:"image/jpeg";}}s:10:"image_meta";a:11:{s:8:"aperture";i:0;s:6:"credit";s:0:"";s:6:"camera";s:0:"";s:7:"caption";s:0:"";s:17:"created_timestamp";i:0;s:9:"copyright";s:0:"";s:12:"focal_length";i:0;s:3:"iso";i:0;s:13:"shutter_speed";i:0;s:5:"title";s:0:"";s:11:"orientation";i:0;}}]]></wp:meta_value>
		</wp:postmeta>
	</item>
	<item>
		<title>bob-van-aubel-ray-bans</title>
		<link>https://phantomthemes.com/demo/ultrabootstrap/bob-van-aubel-ray-bans/</link>
		<pubDate>Thu, 17 Dec 2015 16:45:15 +0000</pubDate>
		<dc:creator><![CDATA[phantom]]></dc:creator>
		<guid isPermaLink="false">http://thebootstrapthemes.com/demo/thebootstrapthemes_ultrapresss/wp-content/uploads/2015/12/bob-van-aubel-ray-bans.jpg</guid>
		<description></description>
		<content:encoded><![CDATA[]]></content:encoded>
		<excerpt:encoded><![CDATA[]]></excerpt:encoded>
		<wp:post_id>36</wp:post_id>
		<wp:post_date><![CDATA[2015-12-17 16:45:15]]></wp:post_date>
		<wp:post_date_gmt><![CDATA[2015-12-17 16:45:15]]></wp:post_date_gmt>
		<wp:comment_status><![CDATA[open]]></wp:comment_status>
		<wp:ping_status><![CDATA[closed]]></wp:ping_status>
		<wp:post_name><![CDATA[bob-van-aubel-ray-bans]]></wp:post_name>
		<wp:status><![CDATA[inherit]]></wp:status>
		<wp:post_parent>0</wp:post_parent>
		<wp:menu_order>0</wp:menu_order>
		<wp:post_type><![CDATA[attachment]]></wp:post_type>
		<wp:post_password><![CDATA[]]></wp:post_password>
		<wp:is_sticky>0</wp:is_sticky>
		<wp:attachment_url><![CDATA[https://phantomthemes.com/demo/ultrabootstrap/wp-content/uploads/2015/12/bob-van-aubel-ray-bans.jpg]]></wp:attachment_url>
		<wp:postmeta>
			<wp:meta_key><![CDATA[_wp_attached_file]]></wp:meta_key>
			<wp:meta_value><![CDATA[2015/12/bob-van-aubel-ray-bans.jpg]]></wp:meta_value>
		</wp:postmeta>
		<wp:postmeta>
			<wp:meta_key><![CDATA[_wp_attachment_metadata]]></wp:meta_key>
			<wp:meta_value><![CDATA[a:5:{s:5:"width";i:1280;s:6:"height";i:853;s:4:"file";s:34:"2015/12/bob-van-aubel-ray-bans.jpg";s:5:"sizes";a:3:{s:9:"thumbnail";a:4:{s:4:"file";s:34:"bob-van-aubel-ray-bans-200x150.jpg";s:5:"width";i:200;s:6:"height";i:150;s:9:"mime-type";s:10:"image/jpeg";}s:6:"medium";a:4:{s:4:"file";s:34:"bob-van-aubel-ray-bans-400x267.jpg";s:5:"width";i:400;s:6:"height";i:267;s:9:"mime-type";s:10:"image/jpeg";}s:5:"large";a:4:{s:4:"file";s:35:"bob-van-aubel-ray-bans-1024x682.jpg";s:5:"width";i:1024;s:6:"height";i:682;s:9:"mime-type";s:10:"image/jpeg";}}s:10:"image_meta";a:11:{s:8:"aperture";i:0;s:6:"credit";s:0:"";s:6:"camera";s:0:"";s:7:"caption";s:0:"";s:17:"created_timestamp";i:0;s:9:"copyright";s:0:"";s:12:"focal_length";i:0;s:3:"iso";i:0;s:13:"shutter_speed";i:0;s:5:"title";s:0:"";s:11:"orientation";i:0;}}]]></wp:meta_value>
		</wp:postmeta>
	</item>
	<item>
		<title>log-new</title>
		<link>https://phantomthemes.com/demo/ultrabootstrap/log-new/</link>
		<pubDate>Tue, 24 May 2016 12:22:56 +0000</pubDate>
		<dc:creator><![CDATA[phantom]]></dc:creator>
		<guid isPermaLink="false">http://thebootstrapthemes.com/demo/thebootstrapthemes_ultrapresss/wp-content/uploads/2016/05/log-new.png</guid>
		<description></description>
		<content:encoded><![CDATA[]]></content:encoded>
		<excerpt:encoded><![CDATA[]]></excerpt:encoded>
		<wp:post_id>40</wp:post_id>
		<wp:post_date><![CDATA[2016-05-24 12:22:56]]></wp:post_date>
		<wp:post_date_gmt><![CDATA[2016-05-24 12:22:56]]></wp:post_date_gmt>
		<wp:comment_status><![CDATA[open]]></wp:comment_status>
		<wp:ping_status><![CDATA[closed]]></wp:ping_status>
		<wp:post_name><![CDATA[log-new]]></wp:post_name>
		<wp:status><![CDATA[inherit]]></wp:status>
		<wp:post_parent>0</wp:post_parent>
		<wp:menu_order>0</wp:menu_order>
		<wp:post_type><![CDATA[attachment]]></wp:post_type>
		<wp:post_password><![CDATA[]]></wp:post_password>
		<wp:is_sticky>0</wp:is_sticky>
		<wp:attachment_url><![CDATA[https://phantomthemes.com/demo/ultrabootstrap/wp-content/uploads/2016/05/log-new.png]]></wp:attachment_url>
		<wp:postmeta>
			<wp:meta_key><![CDATA[_wp_attachment_metadata]]></wp:meta_key>
			<wp:meta_value><![CDATA[a:5:{s:5:"width";i:1625;s:6:"height";i:512;s:4:"file";s:19:"2016/05/log-new.png";s:5:"sizes";a:4:{s:9:"thumbnail";a:4:{s:4:"file";s:19:"log-new-200x150.png";s:5:"width";i:200;s:6:"height";i:150;s:9:"mime-type";s:9:"image/png";}s:6:"medium";a:4:{s:4:"file";s:19:"log-new-400x126.png";s:5:"width";i:400;s:6:"height";i:126;s:9:"mime-type";s:9:"image/png";}s:12:"medium_large";a:4:{s:4:"file";s:19:"log-new-768x242.png";s:5:"width";i:768;s:6:"height";i:242;s:9:"mime-type";s:9:"image/png";}s:5:"large";a:4:{s:4:"file";s:20:"log-new-1024x323.png";s:5:"width";i:1024;s:6:"height";i:323;s:9:"mime-type";s:9:"image/png";}}s:10:"image_meta";a:12:{s:8:"aperture";s:1:"0";s:6:"credit";s:0:"";s:6:"camera";s:0:"";s:7:"caption";s:0:"";s:17:"created_timestamp";s:1:"0";s:9:"copyright";s:0:"";s:12:"focal_length";s:1:"0";s:3:"iso";s:1:"0";s:13:"shutter_speed";s:1:"0";s:5:"title";s:0:"";s:11:"orientation";s:1:"0";s:8:"keywords";a:0:{}}}]]></wp:meta_value>
		</wp:postmeta>
		<wp:postmeta>
			<wp:meta_key><![CDATA[_wp_attached_file]]></wp:meta_key>
			<wp:meta_value><![CDATA[2016/05/log-new.png]]></wp:meta_value>
		</wp:postmeta>
	</item>
	<item>
		<title>cropped-cropped-log-new.png</title>
		<link>https://phantomthemes.com/demo/ultrabootstrap/cropped-cropped-log-new-png/</link>
		<pubDate>Tue, 24 May 2016 12:32:20 +0000</pubDate>
		<dc:creator><![CDATA[phantom]]></dc:creator>
		<guid isPermaLink="false">http://thebootstrapthemes.com/demo/thebootstrapthemes_ultrapresss/wp-content/uploads/2016/05/cropped-cropped-log-new.png</guid>
		<description></description>
		<content:encoded><![CDATA[http://thebootstrapthemes.com/demo/thebootstrapthemes_ultrapresss/wp-content/uploads/2016/05/cropped-cropped-log-new.png]]></content:encoded>
		<excerpt:encoded><![CDATA[]]></excerpt:encoded>
		<wp:post_id>42</wp:post_id>
		<wp:post_date><![CDATA[2016-05-24 12:32:20]]></wp:post_date>
		<wp:post_date_gmt><![CDATA[2016-05-24 12:32:20]]></wp:post_date_gmt>
		<wp:comment_status><![CDATA[open]]></wp:comment_status>
		<wp:ping_status><![CDATA[closed]]></wp:ping_status>
		<wp:post_name><![CDATA[cropped-cropped-log-new-png]]></wp:post_name>
		<wp:status><![CDATA[inherit]]></wp:status>
		<wp:post_parent>0</wp:post_parent>
		<wp:menu_order>0</wp:menu_order>
		<wp:post_type><![CDATA[attachment]]></wp:post_type>
		<wp:post_password><![CDATA[]]></wp:post_password>
		<wp:is_sticky>0</wp:is_sticky>
		<wp:attachment_url><![CDATA[https://phantomthemes.com/demo/ultrabootstrap/wp-content/uploads/2016/05/cropped-cropped-log-new.png]]></wp:attachment_url>
		<wp:postmeta>
			<wp:meta_key><![CDATA[_wp_attached_file]]></wp:meta_key>
			<wp:meta_value><![CDATA[2016/05/cropped-cropped-log-new.png]]></wp:meta_value>
		</wp:postmeta>
		<wp:postmeta>
			<wp:meta_key><![CDATA[_wp_attachment_context]]></wp:meta_key>
			<wp:meta_value><![CDATA[custom-logo]]></wp:meta_value>
		</wp:postmeta>
		<wp:postmeta>
			<wp:meta_key><![CDATA[_wp_attachment_metadata]]></wp:meta_key>
			<wp:meta_value><![CDATA[a:5:{s:5:"width";i:398;s:6:"height";i:175;s:4:"file";s:35:"2016/05/cropped-cropped-log-new.png";s:5:"sizes";a:1:{s:9:"thumbnail";a:4:{s:4:"file";s:35:"cropped-cropped-log-new-200x150.png";s:5:"width";i:200;s:6:"height";i:150;s:9:"mime-type";s:9:"image/png";}}s:10:"image_meta";a:12:{s:8:"aperture";s:1:"0";s:6:"credit";s:0:"";s:6:"camera";s:0:"";s:7:"caption";s:0:"";s:17:"created_timestamp";s:1:"0";s:9:"copyright";s:0:"";s:12:"focal_length";s:1:"0";s:3:"iso";s:1:"0";s:13:"shutter_speed";s:1:"0";s:5:"title";s:0:"";s:11:"orientation";s:1:"0";s:8:"keywords";a:0:{}}}]]></wp:meta_value>
		</wp:postmeta>
	</item>
	<item>
		<title>log-new</title>
		<link>https://phantomthemes.com/demo/ultrabootstrap/log-new-2/</link>
		<pubDate>Tue, 24 May 2016 12:38:02 +0000</pubDate>
		<dc:creator><![CDATA[phantom]]></dc:creator>
		<guid isPermaLink="false">http://thebootstrapthemes.com/demo/thebootstrapthemes_ultrapresss/wp-content/uploads/2016/05/log-new-1.png</guid>
		<description></description>
		<content:encoded><![CDATA[]]></content:encoded>
		<excerpt:encoded><![CDATA[]]></excerpt:encoded>
		<wp:post_id>43</wp:post_id>
		<wp:post_date><![CDATA[2016-05-24 12:38:02]]></wp:post_date>
		<wp:post_date_gmt><![CDATA[2016-05-24 12:38:02]]></wp:post_date_gmt>
		<wp:comment_status><![CDATA[open]]></wp:comment_status>
		<wp:ping_status><![CDATA[closed]]></wp:ping_status>
		<wp:post_name><![CDATA[log-new-2]]></wp:post_name>
		<wp:status><![CDATA[inherit]]></wp:status>
		<wp:post_parent>0</wp:post_parent>
		<wp:menu_order>0</wp:menu_order>
		<wp:post_type><![CDATA[attachment]]></wp:post_type>
		<wp:post_password><![CDATA[]]></wp:post_password>
		<wp:is_sticky>0</wp:is_sticky>
		<wp:attachment_url><![CDATA[https://phantomthemes.com/demo/ultrabootstrap/wp-content/uploads/2016/05/log-new-1.png]]></wp:attachment_url>
		<wp:postmeta>
			<wp:meta_key><![CDATA[_wp_attached_file]]></wp:meta_key>
			<wp:meta_value><![CDATA[2016/05/log-new-1.png]]></wp:meta_value>
		</wp:postmeta>
		<wp:postmeta>
			<wp:meta_key><![CDATA[_wp_attachment_metadata]]></wp:meta_key>
			<wp:meta_value><![CDATA[a:5:{s:5:"width";i:1625;s:6:"height";i:512;s:4:"file";s:21:"2016/05/log-new-1.png";s:5:"sizes";a:4:{s:9:"thumbnail";a:4:{s:4:"file";s:21:"log-new-1-200x150.png";s:5:"width";i:200;s:6:"height";i:150;s:9:"mime-type";s:9:"image/png";}s:6:"medium";a:4:{s:4:"file";s:21:"log-new-1-400x126.png";s:5:"width";i:400;s:6:"height";i:126;s:9:"mime-type";s:9:"image/png";}s:12:"medium_large";a:4:{s:4:"file";s:21:"log-new-1-768x242.png";s:5:"width";i:768;s:6:"height";i:242;s:9:"mime-type";s:9:"image/png";}s:5:"large";a:4:{s:4:"file";s:22:"log-new-1-1024x323.png";s:5:"width";i:1024;s:6:"height";i:323;s:9:"mime-type";s:9:"image/png";}}s:10:"image_meta";a:12:{s:8:"aperture";s:1:"0";s:6:"credit";s:0:"";s:6:"camera";s:0:"";s:7:"caption";s:0:"";s:17:"created_timestamp";s:1:"0";s:9:"copyright";s:0:"";s:12:"focal_length";s:1:"0";s:3:"iso";s:1:"0";s:13:"shutter_speed";s:1:"0";s:5:"title";s:0:"";s:11:"orientation";s:1:"0";s:8:"keywords";a:0:{}}}]]></wp:meta_value>
		</wp:postmeta>
	</item>
	<item>
		<title>cropped-log-new-1.png</title>
		<link>https://phantomthemes.com/demo/ultrabootstrap/cropped-log-new-1-png/</link>
		<pubDate>Tue, 24 May 2016 12:38:17 +0000</pubDate>
		<dc:creator><![CDATA[phantom]]></dc:creator>
		<guid isPermaLink="false">http://thebootstrapthemes.com/demo/thebootstrapthemes_ultrapresss/wp-content/uploads/2016/05/cropped-log-new-1.png</guid>
		<description></description>
		<content:encoded><![CDATA[http://thebootstrapthemes.com/demo/thebootstrapthemes_ultrapresss/wp-content/uploads/2016/05/cropped-log-new-1.png]]></content:encoded>
		<excerpt:encoded><![CDATA[]]></excerpt:encoded>
		<wp:post_id>44</wp:post_id>
		<wp:post_date><![CDATA[2016-05-24 12:38:17]]></wp:post_date>
		<wp:post_date_gmt><![CDATA[2016-05-24 12:38:17]]></wp:post_date_gmt>
		<wp:comment_status><![CDATA[open]]></wp:comment_status>
		<wp:ping_status><![CDATA[closed]]></wp:ping_status>
		<wp:post_name><![CDATA[cropped-log-new-1-png]]></wp:post_name>
		<wp:status><![CDATA[inherit]]></wp:status>
		<wp:post_parent>0</wp:post_parent>
		<wp:menu_order>0</wp:menu_order>
		<wp:post_type><![CDATA[attachment]]></wp:post_type>
		<wp:post_password><![CDATA[]]></wp:post_password>
		<wp:is_sticky>0</wp:is_sticky>
		<wp:attachment_url><![CDATA[https://phantomthemes.com/demo/ultrabootstrap/wp-content/uploads/2016/05/cropped-log-new-1.png]]></wp:attachment_url>
		<wp:postmeta>
			<wp:meta_key><![CDATA[_wp_attached_file]]></wp:meta_key>
			<wp:meta_value><![CDATA[2016/05/cropped-log-new-1.png]]></wp:meta_value>
		</wp:postmeta>
		<wp:postmeta>
			<wp:meta_key><![CDATA[_wp_attachment_context]]></wp:meta_key>
			<wp:meta_value><![CDATA[custom-logo]]></wp:meta_value>
		</wp:postmeta>
		<wp:postmeta>
			<wp:meta_key><![CDATA[_wp_attachment_metadata]]></wp:meta_key>
			<wp:meta_value><![CDATA[a:5:{s:5:"width";i:248;s:6:"height";i:45;s:4:"file";s:29:"2016/05/cropped-log-new-1.png";s:5:"sizes";a:1:{s:9:"thumbnail";a:4:{s:4:"file";s:28:"cropped-log-new-1-200x45.png";s:5:"width";i:200;s:6:"height";i:45;s:9:"mime-type";s:9:"image/png";}}s:10:"image_meta";a:12:{s:8:"aperture";s:1:"0";s:6:"credit";s:0:"";s:6:"camera";s:0:"";s:7:"caption";s:0:"";s:17:"created_timestamp";s:1:"0";s:9:"copyright";s:0:"";s:12:"focal_length";s:1:"0";s:3:"iso";s:1:"0";s:13:"shutter_speed";s:1:"0";s:5:"title";s:0:"";s:11:"orientation";s:1:"0";s:8:"keywords";a:0:{}}}]]></wp:meta_value>
		</wp:postmeta>
	</item>
	<item>
		<title>featured-image-horizontal</title>
		<link>https://phantomthemes.com/demo/ultrabootstrap/featured-image-horizontal/</link>
		<pubDate>Mon, 12 Jun 2017 07:45:56 +0000</pubDate>
		<dc:creator><![CDATA[phantom]]></dc:creator>
		<guid isPermaLink="false">https://phantomthemes.com/demo/ultrabootstrap/wp-content/uploads/2017/06/featured-image-horizontal.jpg</guid>
		<description></description>
		<content:encoded><![CDATA[]]></content:encoded>
		<excerpt:encoded><![CDATA[]]></excerpt:encoded>
		<wp:post_id>52</wp:post_id>
		<wp:post_date><![CDATA[2017-06-12 07:45:56]]></wp:post_date>
		<wp:post_date_gmt><![CDATA[2017-06-12 07:45:56]]></wp:post_date_gmt>
		<wp:comment_status><![CDATA[open]]></wp:comment_status>
		<wp:ping_status><![CDATA[closed]]></wp:ping_status>
		<wp:post_name><![CDATA[featured-image-horizontal]]></wp:post_name>
		<wp:status><![CDATA[inherit]]></wp:status>
		<wp:post_parent>0</wp:post_parent>
		<wp:menu_order>0</wp:menu_order>
		<wp:post_type><![CDATA[attachment]]></wp:post_type>
		<wp:post_password><![CDATA[]]></wp:post_password>
		<wp:is_sticky>0</wp:is_sticky>
		<wp:attachment_url><![CDATA[https://phantomthemes.com/demo/ultrabootstrap/wp-content/uploads/2017/06/featured-image-horizontal.jpg]]></wp:attachment_url>
		<wp:postmeta>
			<wp:meta_key><![CDATA[_wp_attached_file]]></wp:meta_key>
			<wp:meta_value><![CDATA[2017/06/featured-image-horizontal.jpg]]></wp:meta_value>
		</wp:postmeta>
		<wp:postmeta>
			<wp:meta_key><![CDATA[_wp_attachment_metadata]]></wp:meta_key>
			<wp:meta_value><![CDATA[a:5:{s:5:"width";i:580;s:6:"height";i:300;s:4:"file";s:37:"2017/06/featured-image-horizontal.jpg";s:5:"sizes";a:2:{s:9:"thumbnail";a:4:{s:4:"file";s:37:"featured-image-horizontal-200x150.jpg";s:5:"width";i:200;s:6:"height";i:150;s:9:"mime-type";s:10:"image/jpeg";}s:6:"medium";a:4:{s:4:"file";s:37:"featured-image-horizontal-400x207.jpg";s:5:"width";i:400;s:6:"height";i:207;s:9:"mime-type";s:10:"image/jpeg";}}s:10:"image_meta";a:12:{s:8:"aperture";s:1:"0";s:6:"credit";s:0:"";s:6:"camera";s:0:"";s:7:"caption";s:0:"";s:17:"created_timestamp";s:1:"0";s:9:"copyright";s:0:"";s:12:"focal_length";s:1:"0";s:3:"iso";s:1:"0";s:13:"shutter_speed";s:1:"0";s:5:"title";s:0:"";s:11:"orientation";s:1:"0";s:8:"keywords";a:0:{}}}]]></wp:meta_value>
		</wp:postmeta>
	</item>
	<item>
		<title>featured-image-vertical</title>
		<link>https://phantomthemes.com/demo/ultrabootstrap/featured-image-vertical/</link>
		<pubDate>Mon, 12 Jun 2017 07:45:56 +0000</pubDate>
		<dc:creator><![CDATA[phantom]]></dc:creator>
		<guid isPermaLink="false">https://phantomthemes.com/demo/ultrabootstrap/wp-content/uploads/2017/06/featured-image-vertical.jpg</guid>
		<description></description>
		<content:encoded><![CDATA[]]></content:encoded>
		<excerpt:encoded><![CDATA[]]></excerpt:encoded>
		<wp:post_id>53</wp:post_id>
		<wp:post_date><![CDATA[2017-06-12 07:45:56]]></wp:post_date>
		<wp:post_date_gmt><![CDATA[2017-06-12 07:45:56]]></wp:post_date_gmt>
		<wp:comment_status><![CDATA[open]]></wp:comment_status>
		<wp:ping_status><![CDATA[closed]]></wp:ping_status>
		<wp:post_name><![CDATA[featured-image-vertical]]></wp:post_name>
		<wp:status><![CDATA[inherit]]></wp:status>
		<wp:post_parent>0</wp:post_parent>
		<wp:menu_order>0</wp:menu_order>
		<wp:post_type><![CDATA[attachment]]></wp:post_type>
		<wp:post_password><![CDATA[]]></wp:post_password>
		<wp:is_sticky>0</wp:is_sticky>
		<wp:attachment_url><![CDATA[https://phantomthemes.com/demo/ultrabootstrap/wp-content/uploads/2017/06/featured-image-vertical.jpg]]></wp:attachment_url>
		<wp:postmeta>
			<wp:meta_key><![CDATA[_wp_attached_file]]></wp:meta_key>
			<wp:meta_value><![CDATA[2017/06/featured-image-vertical.jpg]]></wp:meta_value>
		</wp:postmeta>
		<wp:postmeta>
			<wp:meta_key><![CDATA[_wp_attachment_metadata]]></wp:meta_key>
			<wp:meta_value><![CDATA[a:5:{s:5:"width";i:300;s:6:"height";i:580;s:4:"file";s:35:"2017/06/featured-image-vertical.jpg";s:5:"sizes";a:2:{s:9:"thumbnail";a:4:{s:4:"file";s:35:"featured-image-vertical-200x150.jpg";s:5:"width";i:200;s:6:"height";i:150;s:9:"mime-type";s:10:"image/jpeg";}s:6:"medium";a:4:{s:4:"file";s:35:"featured-image-vertical-155x300.jpg";s:5:"width";i:155;s:6:"height";i:300;s:9:"mime-type";s:10:"image/jpeg";}}s:10:"image_meta";a:12:{s:8:"aperture";s:1:"0";s:6:"credit";s:0:"";s:6:"camera";s:0:"";s:7:"caption";s:0:"";s:17:"created_timestamp";s:1:"0";s:9:"copyright";s:0:"";s:12:"focal_length";s:1:"0";s:3:"iso";s:1:"0";s:13:"shutter_speed";s:1:"0";s:5:"title";s:0:"";s:11:"orientation";s:1:"0";s:8:"keywords";a:0:{}}}]]></wp:meta_value>
		</wp:postmeta>
	</item>
	<item>
		<title>no-blog-thumbnail</title>
		<link>https://phantomthemes.com/demo/ultrabootstrap/no-blog-thumbnail/</link>
		<pubDate>Mon, 12 Jun 2017 07:45:56 +0000</pubDate>
		<dc:creator><![CDATA[phantom]]></dc:creator>
		<guid isPermaLink="false">https://phantomthemes.com/demo/ultrabootstrap/wp-content/uploads/2017/06/no-blog-thumbnail.jpg</guid>
		<description></description>
		<content:encoded><![CDATA[]]></content:encoded>
		<excerpt:encoded><![CDATA[]]></excerpt:encoded>
		<wp:post_id>54</wp:post_id>
		<wp:post_date><![CDATA[2017-06-12 07:45:56]]></wp:post_date>
		<wp:post_date_gmt><![CDATA[2017-06-12 07:45:56]]></wp:post_date_gmt>
		<wp:comment_status><![CDATA[open]]></wp:comment_status>
		<wp:ping_status><![CDATA[closed]]></wp:ping_status>
		<wp:post_name><![CDATA[no-blog-thumbnail]]></wp:post_name>
		<wp:status><![CDATA[inherit]]></wp:status>
		<wp:post_parent>0</wp:post_parent>
		<wp:menu_order>0</wp:menu_order>
		<wp:post_type><![CDATA[attachment]]></wp:post_type>
		<wp:post_password><![CDATA[]]></wp:post_password>
		<wp:is_sticky>0</wp:is_sticky>
		<wp:attachment_url><![CDATA[https://phantomthemes.com/demo/ultrabootstrap/wp-content/uploads/2017/06/no-blog-thumbnail.jpg]]></wp:attachment_url>
		<wp:postmeta>
			<wp:meta_key><![CDATA[_wp_attached_file]]></wp:meta_key>
			<wp:meta_value><![CDATA[2017/06/no-blog-thumbnail.jpg]]></wp:meta_value>
		</wp:postmeta>
		<wp:postmeta>
			<wp:meta_key><![CDATA[_wp_attachment_metadata]]></wp:meta_key>
			<wp:meta_value><![CDATA[a:5:{s:5:"width";i:900;s:6:"height";i:520;s:4:"file";s:29:"2017/06/no-blog-thumbnail.jpg";s:5:"sizes";a:3:{s:9:"thumbnail";a:4:{s:4:"file";s:29:"no-blog-thumbnail-200x150.jpg";s:5:"width";i:200;s:6:"height";i:150;s:9:"mime-type";s:10:"image/jpeg";}s:6:"medium";a:4:{s:4:"file";s:29:"no-blog-thumbnail-400x231.jpg";s:5:"width";i:400;s:6:"height";i:231;s:9:"mime-type";s:10:"image/jpeg";}s:12:"medium_large";a:4:{s:4:"file";s:29:"no-blog-thumbnail-768x444.jpg";s:5:"width";i:768;s:6:"height";i:444;s:9:"mime-type";s:10:"image/jpeg";}}s:10:"image_meta";a:12:{s:8:"aperture";s:1:"0";s:6:"credit";s:0:"";s:6:"camera";s:0:"";s:7:"caption";s:0:"";s:17:"created_timestamp";s:1:"0";s:9:"copyright";s:0:"";s:12:"focal_length";s:1:"0";s:3:"iso";s:1:"0";s:13:"shutter_speed";s:1:"0";s:5:"title";s:0:"";s:11:"orientation";s:1:"1";s:8:"keywords";a:0:{}}}]]></wp:meta_value>
		</wp:postmeta>
	</item>
	<item>
		<title>ultrabootstrap</title>
		<link>https://phantomthemes.com/demo/ultrabootstrap/ultrabootstrap/</link>
		<pubDate>Mon, 12 Jun 2017 09:29:32 +0000</pubDate>
		<dc:creator><![CDATA[phantom]]></dc:creator>
		<guid isPermaLink="false">https://phantomthemes.com/demo/ultrabootstrap/ultrabootstrap/</guid>
		<description></description>
		<content:encoded><![CDATA[/*
You can add your own CSS here.

Click the help icon above to learn more.
*/
widget .widget_recent_entries{background:#ffffff !important}
.page-title h1 {
    border-bottom: 2px solid #f66264;
    color: #000;
    display: inline-block;
    font-size: 2em;
    font-weight: 400;
margin-bottom:30px !important
}]]></content:encoded>
		<excerpt:encoded><![CDATA[]]></excerpt:encoded>
		<wp:post_id>63</wp:post_id>
		<wp:post_date><![CDATA[2017-06-12 09:29:32]]></wp:post_date>
		<wp:post_date_gmt><![CDATA[2017-06-12 09:29:32]]></wp:post_date_gmt>
		<wp:comment_status><![CDATA[closed]]></wp:comment_status>
		<wp:ping_status><![CDATA[closed]]></wp:ping_status>
		<wp:post_name><![CDATA[ultrabootstrap]]></wp:post_name>
		<wp:status><![CDATA[publish]]></wp:status>
		<wp:post_parent>0</wp:post_parent>
		<wp:menu_order>0</wp:menu_order>
		<wp:post_type><![CDATA[custom_css]]></wp:post_type>
		<wp:post_password><![CDATA[]]></wp:post_password>
		<wp:is_sticky>0</wp:is_sticky>
	</item>
	<item>
		<title>image-alignment-580x300</title>
		<link>https://phantomthemes.com/demo/ultrabootstrap/page-image-alignment/image-alignment-580x300/</link>
		<pubDate>Mon, 12 Jun 2017 09:47:43 +0000</pubDate>
		<dc:creator><![CDATA[phantom]]></dc:creator>
		<guid isPermaLink="false">https://phantomthemes.com/demo/ultrabootstrap/wp-content/uploads/2017/06/image-alignment-580x300.jpg</guid>
		<description></description>
		<content:encoded><![CDATA[]]></content:encoded>
		<excerpt:encoded><![CDATA[]]></excerpt:encoded>
		<wp:post_id>70</wp:post_id>
		<wp:post_date><![CDATA[2017-06-12 09:47:43]]></wp:post_date>
		<wp:post_date_gmt><![CDATA[2017-06-12 09:47:43]]></wp:post_date_gmt>
		<wp:comment_status><![CDATA[open]]></wp:comment_status>
		<wp:ping_status><![CDATA[closed]]></wp:ping_status>
		<wp:post_name><![CDATA[image-alignment-580x300]]></wp:post_name>
		<wp:status><![CDATA[inherit]]></wp:status>
		<wp:post_parent>69</wp:post_parent>
		<wp:menu_order>0</wp:menu_order>
		<wp:post_type><![CDATA[attachment]]></wp:post_type>
		<wp:post_password><![CDATA[]]></wp:post_password>
		<wp:is_sticky>0</wp:is_sticky>
		<wp:attachment_url><![CDATA[https://phantomthemes.com/demo/ultrabootstrap/wp-content/uploads/2017/06/image-alignment-580x300.jpg]]></wp:attachment_url>
		<wp:postmeta>
			<wp:meta_key><![CDATA[_wp_attached_file]]></wp:meta_key>
			<wp:meta_value><![CDATA[2017/06/image-alignment-580x300.jpg]]></wp:meta_value>
		</wp:postmeta>
		<wp:postmeta>
			<wp:meta_key><![CDATA[_wp_attachment_metadata]]></wp:meta_key>
			<wp:meta_value><![CDATA[a:5:{s:5:"width";i:580;s:6:"height";i:300;s:4:"file";s:35:"2017/06/image-alignment-580x300.jpg";s:5:"sizes";a:2:{s:9:"thumbnail";a:4:{s:4:"file";s:35:"image-alignment-580x300-200x150.jpg";s:5:"width";i:200;s:6:"height";i:150;s:9:"mime-type";s:10:"image/jpeg";}s:6:"medium";a:4:{s:4:"file";s:35:"image-alignment-580x300-400x207.jpg";s:5:"width";i:400;s:6:"height";i:207;s:9:"mime-type";s:10:"image/jpeg";}}s:10:"image_meta";a:12:{s:8:"aperture";s:1:"0";s:6:"credit";s:0:"";s:6:"camera";s:0:"";s:7:"caption";s:0:"";s:17:"created_timestamp";s:1:"0";s:9:"copyright";s:0:"";s:12:"focal_length";s:1:"0";s:3:"iso";s:1:"0";s:13:"shutter_speed";s:1:"0";s:5:"title";s:0:"";s:11:"orientation";s:1:"0";s:8:"keywords";a:0:{}}}]]></wp:meta_value>
		</wp:postmeta>
	</item>
	<item>
		<title>image-alignment-150x150</title>
		<link>https://phantomthemes.com/demo/ultrabootstrap/page-image-alignment/image-alignment-150x150/</link>
		<pubDate>Mon, 12 Jun 2017 09:48:45 +0000</pubDate>
		<dc:creator><![CDATA[phantom]]></dc:creator>
		<guid isPermaLink="false">https://phantomthemes.com/demo/ultrabootstrap/wp-content/uploads/2017/06/image-alignment-150x150.jpg</guid>
		<description></description>
		<content:encoded><![CDATA[]]></content:encoded>
		<excerpt:encoded><![CDATA[]]></excerpt:encoded>
		<wp:post_id>71</wp:post_id>
		<wp:post_date><![CDATA[2017-06-12 09:48:45]]></wp:post_date>
		<wp:post_date_gmt><![CDATA[2017-06-12 09:48:45]]></wp:post_date_gmt>
		<wp:comment_status><![CDATA[open]]></wp:comment_status>
		<wp:ping_status><![CDATA[closed]]></wp:ping_status>
		<wp:post_name><![CDATA[image-alignment-150x150]]></wp:post_name>
		<wp:status><![CDATA[inherit]]></wp:status>
		<wp:post_parent>69</wp:post_parent>
		<wp:menu_order>0</wp:menu_order>
		<wp:post_type><![CDATA[attachment]]></wp:post_type>
		<wp:post_password><![CDATA[]]></wp:post_password>
		<wp:is_sticky>0</wp:is_sticky>
		<wp:attachment_url><![CDATA[https://phantomthemes.com/demo/ultrabootstrap/wp-content/uploads/2017/06/image-alignment-150x150.jpg]]></wp:attachment_url>
		<wp:postmeta>
			<wp:meta_key><![CDATA[_wp_attached_file]]></wp:meta_key>
			<wp:meta_value><![CDATA[2017/06/image-alignment-150x150.jpg]]></wp:meta_value>
		</wp:postmeta>
		<wp:postmeta>
			<wp:meta_key><![CDATA[_wp_attachment_metadata]]></wp:meta_key>
			<wp:meta_value><![CDATA[a:5:{s:5:"width";i:150;s:6:"height";i:150;s:4:"file";s:35:"2017/06/image-alignment-150x150.jpg";s:5:"sizes";a:1:{s:9:"thumbnail";a:4:{s:4:"file";s:35:"image-alignment-150x150-150x150.jpg";s:5:"width";i:150;s:6:"height";i:150;s:9:"mime-type";s:10:"image/jpeg";}}s:10:"image_meta";a:12:{s:8:"aperture";s:1:"0";s:6:"credit";s:0:"";s:6:"camera";s:0:"";s:7:"caption";s:0:"";s:17:"created_timestamp";s:1:"0";s:9:"copyright";s:0:"";s:12:"focal_length";s:1:"0";s:3:"iso";s:1:"0";s:13:"shutter_speed";s:1:"0";s:5:"title";s:0:"";s:11:"orientation";s:1:"0";s:8:"keywords";a:0:{}}}]]></wp:meta_value>
		</wp:postmeta>
	</item>
	<item>
		<title>image-alignment-1200x4002</title>
		<link>https://phantomthemes.com/demo/ultrabootstrap/page-image-alignment/image-alignment-1200x4002/</link>
		<pubDate>Mon, 12 Jun 2017 09:51:05 +0000</pubDate>
		<dc:creator><![CDATA[phantom]]></dc:creator>
		<guid isPermaLink="false">https://phantomthemes.com/demo/ultrabootstrap/wp-content/uploads/2017/06/image-alignment-1200x4002.jpg</guid>
		<description></description>
		<content:encoded><![CDATA[]]></content:encoded>
		<excerpt:encoded><![CDATA[]]></excerpt:encoded>
		<wp:post_id>73</wp:post_id>
		<wp:post_date><![CDATA[2017-06-12 09:51:05]]></wp:post_date>
		<wp:post_date_gmt><![CDATA[2017-06-12 09:51:05]]></wp:post_date_gmt>
		<wp:comment_status><![CDATA[open]]></wp:comment_status>
		<wp:ping_status><![CDATA[closed]]></wp:ping_status>
		<wp:post_name><![CDATA[image-alignment-1200x4002]]></wp:post_name>
		<wp:status><![CDATA[inherit]]></wp:status>
		<wp:post_parent>69</wp:post_parent>
		<wp:menu_order>0</wp:menu_order>
		<wp:post_type><![CDATA[attachment]]></wp:post_type>
		<wp:post_password><![CDATA[]]></wp:post_password>
		<wp:is_sticky>0</wp:is_sticky>
		<wp:attachment_url><![CDATA[https://phantomthemes.com/demo/ultrabootstrap/wp-content/uploads/2017/06/image-alignment-1200x4002.jpg]]></wp:attachment_url>
		<wp:postmeta>
			<wp:meta_key><![CDATA[_wp_attached_file]]></wp:meta_key>
			<wp:meta_value><![CDATA[2017/06/image-alignment-1200x4002.jpg]]></wp:meta_value>
		</wp:postmeta>
		<wp:postmeta>
			<wp:meta_key><![CDATA[_wp_attachment_metadata]]></wp:meta_key>
			<wp:meta_value><![CDATA[a:5:{s:5:"width";i:1200;s:6:"height";i:400;s:4:"file";s:37:"2017/06/image-alignment-1200x4002.jpg";s:5:"sizes";a:4:{s:9:"thumbnail";a:4:{s:4:"file";s:37:"image-alignment-1200x4002-200x150.jpg";s:5:"width";i:200;s:6:"height";i:150;s:9:"mime-type";s:10:"image/jpeg";}s:6:"medium";a:4:{s:4:"file";s:37:"image-alignment-1200x4002-400x133.jpg";s:5:"width";i:400;s:6:"height";i:133;s:9:"mime-type";s:10:"image/jpeg";}s:12:"medium_large";a:4:{s:4:"file";s:37:"image-alignment-1200x4002-768x256.jpg";s:5:"width";i:768;s:6:"height";i:256;s:9:"mime-type";s:10:"image/jpeg";}s:5:"large";a:4:{s:4:"file";s:38:"image-alignment-1200x4002-1024x341.jpg";s:5:"width";i:1024;s:6:"height";i:341;s:9:"mime-type";s:10:"image/jpeg";}}s:10:"image_meta";a:12:{s:8:"aperture";s:1:"0";s:6:"credit";s:0:"";s:6:"camera";s:0:"";s:7:"caption";s:0:"";s:17:"created_timestamp";s:1:"0";s:9:"copyright";s:0:"";s:12:"focal_length";s:1:"0";s:3:"iso";s:1:"0";s:13:"shutter_speed";s:1:"0";s:5:"title";s:0:"";s:11:"orientation";s:1:"0";s:8:"keywords";a:0:{}}}]]></wp:meta_value>
		</wp:postmeta>
	</item>
	<item>
		<title>image-alignment-300x200</title>
		<link>https://phantomthemes.com/demo/ultrabootstrap/page-image-alignment/image-alignment-300x200/</link>
		<pubDate>Mon, 12 Jun 2017 09:54:15 +0000</pubDate>
		<dc:creator><![CDATA[phantom]]></dc:creator>
		<guid isPermaLink="false">https://phantomthemes.com/demo/ultrabootstrap/wp-content/uploads/2017/06/image-alignment-300x200.jpg</guid>
		<description></description>
		<content:encoded><![CDATA[]]></content:encoded>
		<excerpt:encoded><![CDATA[]]></excerpt:encoded>
		<wp:post_id>75</wp:post_id>
		<wp:post_date><![CDATA[2017-06-12 09:54:15]]></wp:post_date>
		<wp:post_date_gmt><![CDATA[2017-06-12 09:54:15]]></wp:post_date_gmt>
		<wp:comment_status><![CDATA[open]]></wp:comment_status>
		<wp:ping_status><![CDATA[closed]]></wp:ping_status>
		<wp:post_name><![CDATA[image-alignment-300x200]]></wp:post_name>
		<wp:status><![CDATA[inherit]]></wp:status>
		<wp:post_parent>69</wp:post_parent>
		<wp:menu_order>0</wp:menu_order>
		<wp:post_type><![CDATA[attachment]]></wp:post_type>
		<wp:post_password><![CDATA[]]></wp:post_password>
		<wp:is_sticky>0</wp:is_sticky>
		<wp:attachment_url><![CDATA[https://phantomthemes.com/demo/ultrabootstrap/wp-content/uploads/2017/06/image-alignment-300x200.jpg]]></wp:attachment_url>
		<wp:postmeta>
			<wp:meta_key><![CDATA[_wp_attached_file]]></wp:meta_key>
			<wp:meta_value><![CDATA[2017/06/image-alignment-300x200.jpg]]></wp:meta_value>
		</wp:postmeta>
		<wp:postmeta>
			<wp:meta_key><![CDATA[_wp_attachment_metadata]]></wp:meta_key>
			<wp:meta_value><![CDATA[a:5:{s:5:"width";i:300;s:6:"height";i:200;s:4:"file";s:35:"2017/06/image-alignment-300x200.jpg";s:5:"sizes";a:1:{s:9:"thumbnail";a:4:{s:4:"file";s:35:"image-alignment-300x200-200x150.jpg";s:5:"width";i:200;s:6:"height";i:150;s:9:"mime-type";s:10:"image/jpeg";}}s:10:"image_meta";a:12:{s:8:"aperture";s:1:"0";s:6:"credit";s:0:"";s:6:"camera";s:0:"";s:7:"caption";s:0:"";s:17:"created_timestamp";s:1:"0";s:9:"copyright";s:0:"";s:12:"focal_length";s:1:"0";s:3:"iso";s:1:"0";s:13:"shutter_speed";s:1:"0";s:5:"title";s:0:"";s:11:"orientation";s:1:"0";s:8:"keywords";a:0:{}}}]]></wp:meta_value>
		</wp:postmeta>
	</item>
	<item>
		<title>Hello world!</title>
		<link>https://phantomthemes.com/demo/ultrabootstrap/hello-world/</link>
		<pubDate>Sat, 05 Dec 2015 16:07:40 +0000</pubDate>
		<dc:creator><![CDATA[phantom]]></dc:creator>
		<guid isPermaLink="false">http://thebootstrapthemes.com/demo/?p=1</guid>
		<description></description>
		<content:encoded><![CDATA[Welcome to WordPress. This is your first post. Edit or delete it, then start writing!]]></content:encoded>
		<excerpt:encoded><![CDATA[]]></excerpt:encoded>
		<wp:post_id>1</wp:post_id>
		<wp:post_date><![CDATA[2015-12-05 16:07:40]]></wp:post_date>
		<wp:post_date_gmt><![CDATA[2015-12-05 16:07:40]]></wp:post_date_gmt>
		<wp:comment_status><![CDATA[open]]></wp:comment_status>
		<wp:ping_status><![CDATA[open]]></wp:ping_status>
		<wp:post_name><![CDATA[hello-world]]></wp:post_name>
		<wp:status><![CDATA[publish]]></wp:status>
		<wp:post_parent>0</wp:post_parent>
		<wp:menu_order>0</wp:menu_order>
		<wp:post_type><![CDATA[post]]></wp:post_type>
		<wp:post_password><![CDATA[]]></wp:post_password>
		<wp:is_sticky>0</wp:is_sticky>
		<category domain="category" nicename="blog"><![CDATA[Blog]]></category>
		<category domain="category" nicename="featured"><![CDATA[featured]]></category>
		<wp:postmeta>
			<wp:meta_key><![CDATA[post_views_count]]></wp:meta_key>
			<wp:meta_value><![CDATA[36]]></wp:meta_value>
		</wp:postmeta>
	</item>
	<item>
		<title>Page</title>
		<link>https://phantomthemes.com/demo/ultrabootstrap/page/</link>
		<pubDate>Sat, 05 Dec 2015 16:07:40 +0000</pubDate>
		<dc:creator><![CDATA[phantom]]></dc:creator>
		<guid isPermaLink="false">http://thebootstrapthemes.com/demo/?page_id=2</guid>
		<description></description>
		<content:encoded><![CDATA[This is an example page. It's different from a blog post because it will stay in one place and will show up in your site navigation (in most themes). Most people start with an About page that introduces them to potential site visitors. It might say something like this:

<blockquote>Hi there! I'm a bike messenger by day, aspiring actor by night, and this is my website. I live in Los Angeles, have a great dog named Jack, and I like pi&#241;a coladas. (And gettin' caught in the rain.)</blockquote>

...or something like this:

<blockquote>The XYZ Doohickey Company was founded in 1971, and has been providing quality doohickeys to the public ever since. Located in Gotham City, XYZ employs over 2,000 people and does all kinds of awesome things for the Gotham community.</blockquote>

As a new WordPress user, you should go to <a href="http://thebootstrapthemes.com/demo/wp-admin/">your dashboard</a> to delete this page and create new pages for your content. Have fun!]]></content:encoded>
		<excerpt:encoded><![CDATA[]]></excerpt:encoded>
		<wp:post_id>2</wp:post_id>
		<wp:post_date><![CDATA[2015-12-05 16:07:40]]></wp:post_date>
		<wp:post_date_gmt><![CDATA[2015-12-05 16:07:40]]></wp:post_date_gmt>
		<wp:comment_status><![CDATA[closed]]></wp:comment_status>
		<wp:ping_status><![CDATA[closed]]></wp:ping_status>
		<wp:post_name><![CDATA[page]]></wp:post_name>
		<wp:status><![CDATA[publish]]></wp:status>
		<wp:post_parent>0</wp:post_parent>
		<wp:menu_order>0</wp:menu_order>
		<wp:post_type><![CDATA[page]]></wp:post_type>
		<wp:post_password><![CDATA[]]></wp:post_password>
		<wp:is_sticky>0</wp:is_sticky>
		<wp:postmeta>
			<wp:meta_key><![CDATA[_wp_page_template]]></wp:meta_key>
			<wp:meta_value><![CDATA[default]]></wp:meta_value>
		</wp:postmeta>
		<wp:postmeta>
			<wp:meta_key><![CDATA[_edit_last]]></wp:meta_key>
			<wp:meta_value><![CDATA[1]]></wp:meta_value>
		</wp:postmeta>
	</item>
	<item>
		<title>Full page</title>
		<link>https://phantomthemes.com/demo/ultrabootstrap/full-page/</link>
		<pubDate>Sat, 05 Dec 2015 16:21:52 +0000</pubDate>
		<dc:creator><![CDATA[phantom]]></dc:creator>
		<guid isPermaLink="false">http://thebootstrapthemes.com/demo/?page_id=7</guid>
		<description></description>
		<content:encoded><![CDATA[<img class="alignright" src="http://i35.tinypic.com/990wtx.png" alt="WordPress Logo" align="right" />Lorem ipsum dolor sit amet, consectetuer adipiscing elit. Curabitur quam augue, vehicula quis, tincidunt vel, varius vitae, nulla. Sed convallis orci. Duis libero orci, pretium a, <a href="#">convallis quis</a>, pellentesque a, dolor. Curabitur vitae nisi non dolor vestibulum consequat. <!--more-->
<blockquote>Proin vestibulum. Ut ligula. Nullam sed dolor id odio volutpat pulvinar. Integer a leo. In et eros at neque pretium sagittis. Sed sodales lorem a ipsum suscipit gravida. Ut fringilla placerat arcu. Phasellus imperdiet. Mauris ac justo et turpis pharetra vulputate.</blockquote>
<cite><a href="#">Quote Source</a></cite>
<h1>Level 1 Heading</h1>
<h2>Level 2 Heading</h2>
<h3>Level 3 Heading</h3>
<h4>Level 4 Heading</h4>
<h5>Level 5 Heading</h5>
<h6>Level 6 Heading</h6>
<h3>An Unordered List</h3>
<ul>
	<li>Vestibulum in mauris semper tortor interdum ultrices.</li>
	<li>Sed vel lorem et justo laoreet bibendum. Donec dictum.</li>
	<li>Etiam massa libero, lacinia at, commodo in, tincidunt a, purus.</li>
	<li>Praesent volutpat eros quis enim blandit tincidunt.</li>
	<li>Aenean eu libero nec lectus ultricies laoreet. Donec rutrum, nisi vel egestas ultrices, ipsum urna sagittis libero, vitae vestibulum dui dolor vel velit.</li>
</ul>
<h3>Image with no alignment</h3>
Nulla sagittis convallis arcu. Sed sed nunc. Curabitur consequat. Quisque metus enim, venenatis fermentum, mollis in, porta et, nibh. Duis vulputate elit in elit. Mauris dictum libero id justo. Fusce in est. Sed nec diam. Pellentesque habitant morbi tristique senectus et netus et malesuada fames ac turpis egestas. Quisque semper nibh eget nibh. Sed tempor. Fusce erat.
<h3>An Ordered List</h3>
<ol>
	<li>Vestibulum in mauris semper tortor interdum ultrices.</li>
	<li>Sed vel lorem et justo laoreet bibendum. Donec dictum.</li>
	<li>Etiam massa libero, lacinia at, commodo in, tincidunt a, purus.</li>
	<li>Praesent volutpat eros quis enim blandit tincidunt.</li>
	<li>Aenean eu libero nec lectus ultricies laoreet. Donec rutrum, nisi vel egestas ultrices, ipsum urna sagittis libero, vitae vestibulum dui dolor vel velit.</li>
</ol>]]></content:encoded>
		<excerpt:encoded><![CDATA[]]></excerpt:encoded>
		<wp:post_id>7</wp:post_id>
		<wp:post_date><![CDATA[2015-12-05 16:21:52]]></wp:post_date>
		<wp:post_date_gmt><![CDATA[2015-12-05 16:21:52]]></wp:post_date_gmt>
		<wp:comment_status><![CDATA[closed]]></wp:comment_status>
		<wp:ping_status><![CDATA[closed]]></wp:ping_status>
		<wp:post_name><![CDATA[full-page]]></wp:post_name>
		<wp:status><![CDATA[publish]]></wp:status>
		<wp:post_parent>0</wp:post_parent>
		<wp:menu_order>0</wp:menu_order>
		<wp:post_type><![CDATA[page]]></wp:post_type>
		<wp:post_password><![CDATA[]]></wp:post_password>
		<wp:is_sticky>0</wp:is_sticky>
		<wp:postmeta>
			<wp:meta_key><![CDATA[_edit_last]]></wp:meta_key>
			<wp:meta_value><![CDATA[1]]></wp:meta_value>
		</wp:postmeta>
		<wp:postmeta>
			<wp:meta_key><![CDATA[_wp_page_template]]></wp:meta_key>
			<wp:meta_value><![CDATA[fullwidth.php]]></wp:meta_value>
		</wp:postmeta>
	</item>
	<item>
		<title>Bootstrap best themes</title>
		<link>https://phantomthemes.com/demo/ultrabootstrap/bootstrap-best-themes/</link>
		<pubDate>Sat, 05 Dec 2015 16:26:19 +0000</pubDate>
		<dc:creator><![CDATA[phantom]]></dc:creator>
		<guid isPermaLink="false">http://thebootstrapthemes.com/demo/?p=10</guid>
		<description></description>
		<content:encoded><![CDATA[Lorem ipsum dolor sit amet, consectetuer adipiscing elit. Nam vel turpis. Duis sit amet lectus ac mauris porta viverra. Aliquam erat volutpat. Praesent ipsum pede, pretium sed, congue nec, pretium quis, urna. Suspendisse dignissim, elit in ultrices sollicitudin, nisl est accumsan orci, a venenatis dui mi porta pede. Aenean et pede quis est tincidunt varius.

Cras aliquet. Integer faucibus, eros ac molestie placerat, enim tellus varius lacus, nec dictum nunc tortor id urna. Suspendisse dapibus ullamcorper pede. Vivamus ligula ipsum, faucibus at, tincidunt eget, porttitor non, dolor. Ut dui lectus, ultrices ut, sodales tincidunt, viverra sed, nisl.

Praesent ac quam vulputate felis ultrices scelerisque. Pellentesque habitant morbi tristique senectus et netus et malesuada fames ac turpis egestas. In in arcu. Vestibulum eget nisi quis tellus elementum dapibus. Cras facilisis venenatis libero. Nunc accumsan viverra augue. Suspendisse potenti. Suspendisse eleifend. Maecenas sit amet justo.

Quisque quam nisi, mollis quis, sodales ut, rhoncus nec, risus. Class aptent taciti sociosqu ad litora torquent per conubia nostra, per inceptos himenaeos. Proin pede. Aliquam neque tortor, euismod ac, eleifend quis, tincidunt quis, neque.

Phasellus rhoncus. Donec urna nulla, vehicula et, consectetuer vel, condimentum quis, ipsum. Nulla quis neque eu sapien tincidunt faucibus. Donec eleifend, metus sed elementum lobortis, arcu elit luctus enim, sed vestibulum diam leo nec nunc. Suspendisse tempus.

Phasellus quis mauris. Integer eu justo. Fusce tortor enim, elementum ut, auctor non, accumsan quis, enim. Aenean posuere ante id odio. Nulla facilisi. Donec ac eros quis ipsum auctor blandit. Cras eleifend libero fringilla turpis. Integer sem. Curabitur commodo dapibus lacus.

Vivamus semper auctor turpis. Sed ipsum lacus, varius quis, iaculis at, mollis sagittis, arcu.]]></content:encoded>
		<excerpt:encoded><![CDATA[Lorem ipsum dolor sit amet, consectetuer adipiscing elit. Nam vel turpis. ]]></excerpt:encoded>
		<wp:post_id>10</wp:post_id>
		<wp:post_date><![CDATA[2015-12-05 16:26:19]]></wp:post_date>
		<wp:post_date_gmt><![CDATA[2015-12-05 16:26:19]]></wp:post_date_gmt>
		<wp:comment_status><![CDATA[open]]></wp:comment_status>
		<wp:ping_status><![CDATA[open]]></wp:ping_status>
		<wp:post_name><![CDATA[bootstrap-best-themes]]></wp:post_name>
		<wp:status><![CDATA[publish]]></wp:status>
		<wp:post_parent>0</wp:post_parent>
		<wp:menu_order>0</wp:menu_order>
		<wp:post_type><![CDATA[post]]></wp:post_type>
		<wp:post_password><![CDATA[]]></wp:post_password>
		<wp:is_sticky>0</wp:is_sticky>
		<category domain="category" nicename="blog"><![CDATA[Blog]]></category>
		<category domain="post_tag" nicename="blog"><![CDATA[blog]]></category>
		<category domain="post_tag" nicename="bootstrap"><![CDATA[bootstrap]]></category>
		<category domain="category" nicename="featured"><![CDATA[featured]]></category>
		<category domain="post_tag" nicename="image"><![CDATA[image]]></category>
		<category domain="category" nicename="slider"><![CDATA[slider]]></category>
		<category domain="post_tag" nicename="themes"><![CDATA[themes]]></category>
		<category domain="post_tag" nicename="wordpress"><![CDATA[wordpress]]></category>
		<wp:postmeta>
			<wp:meta_key><![CDATA[_edit_last]]></wp:meta_key>
			<wp:meta_value><![CDATA[1]]></wp:meta_value>
		</wp:postmeta>
		<wp:postmeta>
			<wp:meta_key><![CDATA[post_views_count]]></wp:meta_key>
			<wp:meta_value><![CDATA[72]]></wp:meta_value>
		</wp:postmeta>
		<wp:postmeta>
			<wp:meta_key><![CDATA[_thumbnail_id]]></wp:meta_key>
			<wp:meta_value><![CDATA[17]]></wp:meta_value>
		</wp:postmeta>
	</item>
	<item>
		<title>Home</title>
		<link>https://phantomthemes.com/demo/ultrabootstrap/</link>
		<pubDate>Sat, 05 Dec 2015 16:28:04 +0000</pubDate>
		<dc:creator><![CDATA[phantom]]></dc:creator>
		<guid isPermaLink="false">http://thebootstrapthemes.com/demo/?page_id=12</guid>
		<description></description>
		<content:encoded><![CDATA[]]></content:encoded>
		<excerpt:encoded><![CDATA[]]></excerpt:encoded>
		<wp:post_id>12</wp:post_id>
		<wp:post_date><![CDATA[2015-12-05 16:28:04]]></wp:post_date>
		<wp:post_date_gmt><![CDATA[2015-12-05 16:28:04]]></wp:post_date_gmt>
		<wp:comment_status><![CDATA[closed]]></wp:comment_status>
		<wp:ping_status><![CDATA[closed]]></wp:ping_status>
		<wp:post_name><![CDATA[home]]></wp:post_name>
		<wp:status><![CDATA[publish]]></wp:status>
		<wp:post_parent>0</wp:post_parent>
		<wp:menu_order>0</wp:menu_order>
		<wp:post_type><![CDATA[page]]></wp:post_type>
		<wp:post_password><![CDATA[]]></wp:post_password>
		<wp:is_sticky>0</wp:is_sticky>
		<wp:postmeta>
			<wp:meta_key><![CDATA[_wp_page_template]]></wp:meta_key>
			<wp:meta_value><![CDATA[default]]></wp:meta_value>
		</wp:postmeta>
		<wp:postmeta>
			<wp:meta_key><![CDATA[_edit_last]]></wp:meta_key>
			<wp:meta_value><![CDATA[1]]></wp:meta_value>
		</wp:postmeta>
	</item>
	<item>
		<title>Writing a Blog</title>
		<link>https://phantomthemes.com/demo/ultrabootstrap/writing-a-blog/</link>
		<pubDate>Sat, 05 Dec 2015 16:32:27 +0000</pubDate>
		<dc:creator><![CDATA[phantom]]></dc:creator>
		<guid isPermaLink="false">http://thebootstrapthemes.com/demo/?p=21</guid>
		<description></description>
		<content:encoded><![CDATA[Lorem ipsum dolor sit amet Lorem ipsum dolor sit amet conse ctetur adipisicing elit, sed do eiusmod tempor incididunt ut labore et dolore Lorem ipsum dolor sit amet]]></content:encoded>
		<excerpt:encoded><![CDATA[Lorem ipsum dolor sit amet Lorem ipsum dolor sit amet conse ctetur adipisicing elit.]]></excerpt:encoded>
		<wp:post_id>21</wp:post_id>
		<wp:post_date><![CDATA[2015-12-05 16:32:27]]></wp:post_date>
		<wp:post_date_gmt><![CDATA[2015-12-05 16:32:27]]></wp:post_date_gmt>
		<wp:comment_status><![CDATA[open]]></wp:comment_status>
		<wp:ping_status><![CDATA[open]]></wp:ping_status>
		<wp:post_name><![CDATA[writing-a-blog]]></wp:post_name>
		<wp:status><![CDATA[publish]]></wp:status>
		<wp:post_parent>0</wp:post_parent>
		<wp:menu_order>0</wp:menu_order>
		<wp:post_type><![CDATA[post]]></wp:post_type>
		<wp:post_password><![CDATA[]]></wp:post_password>
		<wp:is_sticky>0</wp:is_sticky>
		<category domain="category" nicename="blog"><![CDATA[Blog]]></category>
		<category domain="category" nicename="featured"><![CDATA[featured]]></category>
		<category domain="category" nicename="slider"><![CDATA[slider]]></category>
		<wp:postmeta>
			<wp:meta_key><![CDATA[_edit_last]]></wp:meta_key>
			<wp:meta_value><![CDATA[1]]></wp:meta_value>
		</wp:postmeta>
		<wp:postmeta>
			<wp:meta_key><![CDATA[_thumbnail_id]]></wp:meta_key>
			<wp:meta_value><![CDATA[16]]></wp:meta_value>
		</wp:postmeta>
		<wp:postmeta>
			<wp:meta_key><![CDATA[post_views_count]]></wp:meta_key>
			<wp:meta_value><![CDATA[85]]></wp:meta_value>
		</wp:postmeta>
	</item>
	<item>
		<title>Blog in Wordpress</title>
		<link>https://phantomthemes.com/demo/ultrabootstrap/blog-in-wordpress/</link>
		<pubDate>Tue, 15 Dec 2015 17:22:40 +0000</pubDate>
		<dc:creator><![CDATA[phantom]]></dc:creator>
		<guid isPermaLink="false">http://thebootstrapthemes.com/demo/?p=29</guid>
		<description></description>
		<content:encoded><![CDATA[Lorem ipsum dolor sit amet conse ctetur adipisicing elit, sed do eiusmod tempor incididunt ut labore et dolore Lorem ipsum dolor sit amet Lorem ipsum dolor sit amet conse ctetur adipisicing elit, sed do eiusmod tempor incididunt ut labore et dolore Lorem ipsum dolor sit amet Lorem ipsum dolor sit amet conse ctetur adipisicing elit, sed do eiusmod tempor incididunt ut labore et dolore Lorem ipsum dolor sit amet]]></content:encoded>
		<excerpt:encoded><![CDATA[]]></excerpt:encoded>
		<wp:post_id>29</wp:post_id>
		<wp:post_date><![CDATA[2015-12-15 17:22:40]]></wp:post_date>
		<wp:post_date_gmt><![CDATA[2015-12-15 17:22:40]]></wp:post_date_gmt>
		<wp:comment_status><![CDATA[open]]></wp:comment_status>
		<wp:ping_status><![CDATA[open]]></wp:ping_status>
		<wp:post_name><![CDATA[blog-in-wordpress]]></wp:post_name>
		<wp:status><![CDATA[publish]]></wp:status>
		<wp:post_parent>0</wp:post_parent>
		<wp:menu_order>0</wp:menu_order>
		<wp:post_type><![CDATA[post]]></wp:post_type>
		<wp:post_password><![CDATA[]]></wp:post_password>
		<wp:is_sticky>0</wp:is_sticky>
		<category domain="category" nicename="blog"><![CDATA[Blog]]></category>
		<category domain="category" nicename="featured"><![CDATA[featured]]></category>
		<category domain="post_tag" nicename="it"><![CDATA[It]]></category>
		<category domain="post_tag" nicename="pagination"><![CDATA[Pagination]]></category>
		<category domain="post_tag" nicename="test"><![CDATA[test]]></category>
		<category domain="post_tag" nicename="wordpress"><![CDATA[wordpress]]></category>
		<wp:postmeta>
			<wp:meta_key><![CDATA[_edit_last]]></wp:meta_key>
			<wp:meta_value><![CDATA[1]]></wp:meta_value>
		</wp:postmeta>
		<wp:postmeta>
			<wp:meta_key><![CDATA[post_views_count]]></wp:meta_key>
			<wp:meta_value><![CDATA[58]]></wp:meta_value>
		</wp:postmeta>
		<wp:postmeta>
			<wp:meta_key><![CDATA[_thumbnail_id]]></wp:meta_key>
			<wp:meta_value><![CDATA[32]]></wp:meta_value>
		</wp:postmeta>
	</item>
	<item>
		<title></title>
		<link>https://phantomthemes.com/demo/ultrabootstrap/35/</link>
		<pubDate>Tue, 15 Dec 2015 17:27:37 +0000</pubDate>
		<dc:creator><![CDATA[phantom]]></dc:creator>
		<guid isPermaLink="false">http://thebootstrapthemes.com/demo/?p=35</guid>
		<description></description>
		<content:encoded><![CDATA[ ]]></content:encoded>
		<excerpt:encoded><![CDATA[]]></excerpt:encoded>
		<wp:post_id>35</wp:post_id>
		<wp:post_date><![CDATA[2015-12-15 17:27:37]]></wp:post_date>
		<wp:post_date_gmt><![CDATA[2015-12-15 17:27:37]]></wp:post_date_gmt>
		<wp:comment_status><![CDATA[closed]]></wp:comment_status>
		<wp:ping_status><![CDATA[closed]]></wp:ping_status>
		<wp:post_name><![CDATA[35]]></wp:post_name>
		<wp:status><![CDATA[publish]]></wp:status>
		<wp:post_parent>0</wp:post_parent>
		<wp:menu_order>6</wp:menu_order>
		<wp:post_type><![CDATA[nav_menu_item]]></wp:post_type>
		<wp:post_password><![CDATA[]]></wp:post_password>
		<wp:is_sticky>0</wp:is_sticky>
		<category domain="nav_menu" nicename="primary-menu"><![CDATA[Primary Menu]]></category>
		<wp:postmeta>
			<wp:meta_key><![CDATA[_menu_item_object]]></wp:meta_key>
			<wp:meta_value><![CDATA[category]]></wp:meta_value>
		</wp:postmeta>
		<wp:postmeta>
			<wp:meta_key><![CDATA[_menu_item_object_id]]></wp:meta_key>
			<wp:meta_value><![CDATA[4]]></wp:meta_value>
		</wp:postmeta>
		<wp:postmeta>
			<wp:meta_key><![CDATA[_menu_item_menu_item_parent]]></wp:meta_key>
			<wp:meta_value><![CDATA[0]]></wp:meta_value>
		</wp:postmeta>
		<wp:postmeta>
			<wp:meta_key><![CDATA[_menu_item_type]]></wp:meta_key>
			<wp:meta_value><![CDATA[taxonomy]]></wp:meta_value>
		</wp:postmeta>
		<wp:postmeta>
			<wp:meta_key><![CDATA[_menu_item_target]]></wp:meta_key>
			<wp:meta_value><![CDATA[]]></wp:meta_value>
		</wp:postmeta>
		<wp:postmeta>
			<wp:meta_key><![CDATA[_menu_item_classes]]></wp:meta_key>
			<wp:meta_value><![CDATA[a:1:{i:0;s:0:"";}]]></wp:meta_value>
		</wp:postmeta>
		<wp:postmeta>
			<wp:meta_key><![CDATA[_menu_item_xfn]]></wp:meta_key>
			<wp:meta_value><![CDATA[]]></wp:meta_value>
		</wp:postmeta>
		<wp:postmeta>
			<wp:meta_key><![CDATA[_menu_item_url]]></wp:meta_key>
			<wp:meta_value><![CDATA[]]></wp:meta_value>
		</wp:postmeta>
	</item>
	<item>
		<title>Buy Now</title>
		<link>https://phantomthemes.com/demo/ultrabootstrap/buy-now/</link>
		<pubDate>Thu, 17 Dec 2015 16:47:02 +0000</pubDate>
		<dc:creator><![CDATA[phantom]]></dc:creator>
		<guid isPermaLink="false">http://thebootstrapthemes.com/demo/thebootstrapthemes_ultrapresss/buy-now/</guid>
		<description></description>
		<content:encoded><![CDATA[]]></content:encoded>
		<excerpt:encoded><![CDATA[]]></excerpt:encoded>
		<wp:post_id>37</wp:post_id>
		<wp:post_date><![CDATA[2015-12-17 16:47:02]]></wp:post_date>
		<wp:post_date_gmt><![CDATA[2015-12-17 16:47:02]]></wp:post_date_gmt>
		<wp:comment_status><![CDATA[closed]]></wp:comment_status>
		<wp:ping_status><![CDATA[closed]]></wp:ping_status>
		<wp:post_name><![CDATA[buy-now]]></wp:post_name>
		<wp:status><![CDATA[publish]]></wp:status>
		<wp:post_parent>0</wp:post_parent>
		<wp:menu_order>7</wp:menu_order>
		<wp:post_type><![CDATA[nav_menu_item]]></wp:post_type>
		<wp:post_password><![CDATA[]]></wp:post_password>
		<wp:is_sticky>0</wp:is_sticky>
		<category domain="nav_menu" nicename="primary-menu"><![CDATA[Primary Menu]]></category>
		<wp:postmeta>
			<wp:meta_key><![CDATA[_menu_item_type]]></wp:meta_key>
			<wp:meta_value><![CDATA[custom]]></wp:meta_value>
		</wp:postmeta>
		<wp:postmeta>
			<wp:meta_key><![CDATA[_menu_item_menu_item_parent]]></wp:meta_key>
			<wp:meta_value><![CDATA[0]]></wp:meta_value>
		</wp:postmeta>
		<wp:postmeta>
			<wp:meta_key><![CDATA[_menu_item_object_id]]></wp:meta_key>
			<wp:meta_value><![CDATA[37]]></wp:meta_value>
		</wp:postmeta>
		<wp:postmeta>
			<wp:meta_key><![CDATA[_menu_item_object]]></wp:meta_key>
			<wp:meta_value><![CDATA[custom]]></wp:meta_value>
		</wp:postmeta>
		<wp:postmeta>
			<wp:meta_key><![CDATA[_menu_item_target]]></wp:meta_key>
			<wp:meta_value><![CDATA[]]></wp:meta_value>
		</wp:postmeta>
		<wp:postmeta>
			<wp:meta_key><![CDATA[_menu_item_classes]]></wp:meta_key>
			<wp:meta_value><![CDATA[a:1:{i:0;s:0:"";}]]></wp:meta_value>
		</wp:postmeta>
		<wp:postmeta>
			<wp:meta_key><![CDATA[_menu_item_xfn]]></wp:meta_key>
			<wp:meta_value><![CDATA[]]></wp:meta_value>
		</wp:postmeta>
		<wp:postmeta>
			<wp:meta_key><![CDATA[_menu_item_url]]></wp:meta_key>
			<wp:meta_value><![CDATA[http://phantomthemes.com/downloads/ultrabootstrap-premium-wordpress-theme/]]></wp:meta_value>
		</wp:postmeta>
	</item>
	<item>
		<title>About The Tests</title>
		<link>https://phantomthemes.com/demo/ultrabootstrap/about-the-tests/</link>
		<pubDate>Mon, 12 Jun 2017 08:27:37 +0000</pubDate>
		<dc:creator><![CDATA[phantom]]></dc:creator>
		<guid isPermaLink="false">https://phantomthemes.com/demo/ultrabootstrap/?page_id=56</guid>
		<description></description>
		<content:encoded><![CDATA[This site is using the standard WordPress Theme Unit Test Data for content. The Theme Unit Test is a series of posts and pages that match up with a checklist on the WordPress codex. You can use the data and checklist together to test your theme.

WordPress Theme Development Resources
<ol>
 	<li>See <a href="http://codex.wordpress.org/Theme_Development">Theme Development</a> for <a href="http://codex.wordpress.org/Theme_Development">code standards</a>, examples of best practices, and resources for Theme development.</li>
 	<li>See <a href="http://codex.wordpress.org/Theme_Unit_Test">Theme Unit Test</a> for a robust test suite for your Theme and get the latest version of the test data you see here.</li>
 	<li>See <a href="http://codex.wordpress.org/Theme_Review">Theme Review</a> for a guide to submitting your Theme to the <a href="http://wordpress.org/extend/themes/">Themes Directory</a>.</li>
</ol>]]></content:encoded>
		<excerpt:encoded><![CDATA[]]></excerpt:encoded>
		<wp:post_id>56</wp:post_id>
		<wp:post_date><![CDATA[2017-06-12 08:27:37]]></wp:post_date>
		<wp:post_date_gmt><![CDATA[2017-06-12 08:27:37]]></wp:post_date_gmt>
		<wp:comment_status><![CDATA[closed]]></wp:comment_status>
		<wp:ping_status><![CDATA[closed]]></wp:ping_status>
		<wp:post_name><![CDATA[about-the-tests]]></wp:post_name>
		<wp:status><![CDATA[publish]]></wp:status>
		<wp:post_parent>0</wp:post_parent>
		<wp:menu_order>0</wp:menu_order>
		<wp:post_type><![CDATA[page]]></wp:post_type>
		<wp:post_password><![CDATA[]]></wp:post_password>
		<wp:is_sticky>0</wp:is_sticky>
		<wp:postmeta>
			<wp:meta_key><![CDATA[_wp_page_template]]></wp:meta_key>
			<wp:meta_value><![CDATA[default]]></wp:meta_value>
		</wp:postmeta>
		<wp:postmeta>
			<wp:meta_key><![CDATA[_edit_last]]></wp:meta_key>
			<wp:meta_value><![CDATA[1]]></wp:meta_value>
		</wp:postmeta>
	</item>
	<item>
		<title></title>
		<link>https://phantomthemes.com/demo/ultrabootstrap/60/</link>
		<pubDate>Mon, 12 Jun 2017 08:30:09 +0000</pubDate>
		<dc:creator><![CDATA[phantom]]></dc:creator>
		<guid isPermaLink="false">https://phantomthemes.com/demo/ultrabootstrap/?p=60</guid>
		<description></description>
		<content:encoded><![CDATA[ ]]></content:encoded>
		<excerpt:encoded><![CDATA[]]></excerpt:encoded>
		<wp:post_id>60</wp:post_id>
		<wp:post_date><![CDATA[2017-06-12 08:30:09]]></wp:post_date>
		<wp:post_date_gmt><![CDATA[2017-06-12 08:30:09]]></wp:post_date_gmt>
		<wp:comment_status><![CDATA[closed]]></wp:comment_status>
		<wp:ping_status><![CDATA[closed]]></wp:ping_status>
		<wp:post_name><![CDATA[60]]></wp:post_name>
		<wp:status><![CDATA[publish]]></wp:status>
		<wp:post_parent>0</wp:post_parent>
		<wp:menu_order>2</wp:menu_order>
		<wp:post_type><![CDATA[nav_menu_item]]></wp:post_type>
		<wp:post_password><![CDATA[]]></wp:post_password>
		<wp:is_sticky>0</wp:is_sticky>
		<category domain="nav_menu" nicename="primary-menu"><![CDATA[Primary Menu]]></category>
		<wp:postmeta>
			<wp:meta_key><![CDATA[_menu_item_menu_item_parent]]></wp:meta_key>
			<wp:meta_value><![CDATA[0]]></wp:meta_value>
		</wp:postmeta>
		<wp:postmeta>
			<wp:meta_key><![CDATA[_menu_item_type]]></wp:meta_key>
			<wp:meta_value><![CDATA[post_type]]></wp:meta_value>
		</wp:postmeta>
		<wp:postmeta>
			<wp:meta_key><![CDATA[_menu_item_object_id]]></wp:meta_key>
			<wp:meta_value><![CDATA[56]]></wp:meta_value>
		</wp:postmeta>
		<wp:postmeta>
			<wp:meta_key><![CDATA[_menu_item_object]]></wp:meta_key>
			<wp:meta_value><![CDATA[page]]></wp:meta_value>
		</wp:postmeta>
		<wp:postmeta>
			<wp:meta_key><![CDATA[_menu_item_target]]></wp:meta_key>
			<wp:meta_value><![CDATA[]]></wp:meta_value>
		</wp:postmeta>
		<wp:postmeta>
			<wp:meta_key><![CDATA[_menu_item_classes]]></wp:meta_key>
			<wp:meta_value><![CDATA[a:1:{i:0;s:0:"";}]]></wp:meta_value>
		</wp:postmeta>
		<wp:postmeta>
			<wp:meta_key><![CDATA[_menu_item_xfn]]></wp:meta_key>
			<wp:meta_value><![CDATA[]]></wp:meta_value>
		</wp:postmeta>
		<wp:postmeta>
			<wp:meta_key><![CDATA[_menu_item_url]]></wp:meta_key>
			<wp:meta_value><![CDATA[]]></wp:meta_value>
		</wp:postmeta>
	</item>
	<item>
		<title>Page Image Alignment</title>
		<link>https://phantomthemes.com/demo/ultrabootstrap/page-image-alignment/</link>
		<pubDate>Mon, 12 Jun 2017 09:49:53 +0000</pubDate>
		<dc:creator><![CDATA[phantom]]></dc:creator>
		<guid isPermaLink="false">https://phantomthemes.com/demo/ultrabootstrap/?page_id=69</guid>
		<description></description>
		<content:encoded><![CDATA[Welcome to image alignment! The best way to demonstrate the ebb and flow of the various image positioning options is to nestle them snuggly among an ocean of words. Grab a paddle and let’s get started.

On the topic of alignment, it should be noted that users can choose from the options of None, Left, Right, and Center. In addition, they also get the options of Thumbnail, Medium, Large &amp; Fullsize.

<img class="size-full wp-image-70 aligncenter" src="https://phantomthemes.com/demo/ultrabootstrap/wp-content/uploads/2017/06/image-alignment-580x300.jpg" alt="" width="580" height="300" />

The image above happens to be centered.

<img class=" wp-image-71 alignleft" src="https://phantomthemes.com/demo/ultrabootstrap/wp-content/uploads/2017/06/image-alignment-150x150.jpg" alt="" width="126" height="126" />The rest of this paragraph is filler for the sake of seeing the text wrap around the 150×150 image, which is <strong>left aligned.</strong>

As you can see the should be some space above, below, and to the right of the image. The text should not be creeping on the image. Creeping is just not right. Images need breathing room too. Let them speak like you words. Let them do their jobs without any hassle from the text. In about one more sentence here, we’ll see that the text moves from the right of the image down below the image in seamless transition. Again, letting the do it’s thang. Mission accomplished!

And now for a massively large image. It also has no alignment.

<img class="size-full wp-image-73 aligncenter" src="https://phantomthemes.com/demo/ultrabootstrap/wp-content/uploads/2017/06/image-alignment-1200x4002.jpg" alt="" width="1200" height="400" />

The image above, though 1200px wide, should not overflow the content area. It should remain contained with no visible disruption to the flow of content.

<img class=" wp-image-75 alignright" src="https://phantomthemes.com/demo/ultrabootstrap/wp-content/uploads/2017/06/image-alignment-300x200.jpg" alt="" width="299" height="199" />

And now we’re going to shift things to the right align. Again, there should be plenty of room above, below, and to the left of the image. Just look at him there… Hey guy! Way to rock that right side. I don’t care what the left aligned image says, you look great. Don’t let anyone else tell you differently.

In just a bit here, you should see the text start to wrap below the right aligned image and settle in nicely. There should still be plenty of room and everything should be sitting pretty. Yeah… Just like that. It never felt so good to be right.
<p style="text-align: center;">And just when you thought we were done, we’re going to do them all over again with captions!
<img class="size-full wp-image-70 aligncenter" src="https://phantomthemes.com/demo/ultrabootstrap/wp-content/uploads/2017/06/image-alignment-580x300.jpg" alt="" width="580" height="300" />
Look at 580×300 getting some <a href="https://en.support.wordpress.com/images/image-settings/">captio</a>n love.</p>
<p style="text-align: left;">The image above happens to be centered. The caption also has a link in it, just to see if it does anything funky.</p>
<p style="text-align: left;">
<img class=" wp-image-71 alignleft" src="https://phantomthemes.com/demo/ultrabootstrap/wp-content/uploads/2017/06/image-alignment-150x150.jpg" alt="" width="194" height="194" />The rest of this paragraph is filler for the sake of seeing the text wrap around the 150×150 image, which is left aligned.</p>
As you can see the should be some space above, below, and to the right of the image. The text should not be creeping on the image. Creeping is just not right. Images need breathing room too. Let them speak like you words. Let them do their jobs without any hassle from the text. In about one more sentence here, we’ll see that the text moves from the right of the image down below the image in seamless transition. Again, letting the do it’s thang.

Mission accomplished!
<p style="text-align: center;">And now for a massively large image. It also has no alignment.
<img class="size-full wp-image-73 aligncenter" src="https://phantomthemes.com/demo/ultrabootstrap/wp-content/uploads/2017/06/image-alignment-1200x4002.jpg" alt="" width="1200" height="400" />
Massive image comment for your eyeballs.</p>
The image above, though 1200px wide, should not overflow the content area. It should remain contained with no visible disruption to the flow of content.

<img class="size-full wp-image-75 alignright" src="https://phantomthemes.com/demo/ultrabootstrap/wp-content/uploads/2017/06/image-alignment-300x200.jpg" alt="" width="300" height="200" />

And now we’re going to shift things to the <strong>right align</strong>. Again, there should be plenty of room above, below, and to the left of the image. Just look at him there… Hey guy! Way to rock that right side. I don’t care what the left aligned image says, you look great. Don’t let anyone else tell you differently.

In just a bit here, you should see the text start to wrap below the right aligned image and settle in nicely. There should still be plenty of room and everything should be sitting pretty. Yeah… Just like that. It never felt so good to be right.

And that’s a wrap, yo! You survived the tumultuous waters of alignment. Image alignment achievement unlocked!]]></content:encoded>
		<excerpt:encoded><![CDATA[]]></excerpt:encoded>
		<wp:post_id>69</wp:post_id>
		<wp:post_date><![CDATA[2017-06-12 09:49:53]]></wp:post_date>
		<wp:post_date_gmt><![CDATA[2017-06-12 09:49:53]]></wp:post_date_gmt>
		<wp:comment_status><![CDATA[closed]]></wp:comment_status>
		<wp:ping_status><![CDATA[closed]]></wp:ping_status>
		<wp:post_name><![CDATA[page-image-alignment]]></wp:post_name>
		<wp:status><![CDATA[publish]]></wp:status>
		<wp:post_parent>0</wp:post_parent>
		<wp:menu_order>0</wp:menu_order>
		<wp:post_type><![CDATA[page]]></wp:post_type>
		<wp:post_password><![CDATA[]]></wp:post_password>
		<wp:is_sticky>0</wp:is_sticky>
		<wp:postmeta>
			<wp:meta_key><![CDATA[_edit_last]]></wp:meta_key>
			<wp:meta_value><![CDATA[1]]></wp:meta_value>
		</wp:postmeta>
		<wp:postmeta>
			<wp:meta_key><![CDATA[_wp_page_template]]></wp:meta_key>
			<wp:meta_value><![CDATA[default]]></wp:meta_value>
		</wp:postmeta>
	</item>
	<item>
		<title></title>
		<link>https://phantomthemes.com/demo/ultrabootstrap/79/</link>
		<pubDate>Mon, 12 Jun 2017 10:14:35 +0000</pubDate>
		<dc:creator><![CDATA[phantom]]></dc:creator>
		<guid isPermaLink="false">https://phantomthemes.com/demo/ultrabootstrap/?p=79</guid>
		<description></description>
		<content:encoded><![CDATA[ ]]></content:encoded>
		<excerpt:encoded><![CDATA[]]></excerpt:encoded>
		<wp:post_id>79</wp:post_id>
		<wp:post_date><![CDATA[2017-06-12 10:14:35]]></wp:post_date>
		<wp:post_date_gmt><![CDATA[2017-06-12 10:14:35]]></wp:post_date_gmt>
		<wp:comment_status><![CDATA[closed]]></wp:comment_status>
		<wp:ping_status><![CDATA[closed]]></wp:ping_status>
		<wp:post_name><![CDATA[79]]></wp:post_name>
		<wp:status><![CDATA[publish]]></wp:status>
		<wp:post_parent>0</wp:post_parent>
		<wp:menu_order>3</wp:menu_order>
		<wp:post_type><![CDATA[nav_menu_item]]></wp:post_type>
		<wp:post_password><![CDATA[]]></wp:post_password>
		<wp:is_sticky>0</wp:is_sticky>
		<category domain="nav_menu" nicename="primary-menu"><![CDATA[Primary Menu]]></category>
		<wp:postmeta>
			<wp:meta_key><![CDATA[_menu_item_type]]></wp:meta_key>
			<wp:meta_value><![CDATA[post_type]]></wp:meta_value>
		</wp:postmeta>
		<wp:postmeta>
			<wp:meta_key><![CDATA[_menu_item_menu_item_parent]]></wp:meta_key>
			<wp:meta_value><![CDATA[60]]></wp:meta_value>
		</wp:postmeta>
		<wp:postmeta>
			<wp:meta_key><![CDATA[_menu_item_object_id]]></wp:meta_key>
			<wp:meta_value><![CDATA[69]]></wp:meta_value>
		</wp:postmeta>
		<wp:postmeta>
			<wp:meta_key><![CDATA[_menu_item_object]]></wp:meta_key>
			<wp:meta_value><![CDATA[page]]></wp:meta_value>
		</wp:postmeta>
		<wp:postmeta>
			<wp:meta_key><![CDATA[_menu_item_target]]></wp:meta_key>
			<wp:meta_value><![CDATA[]]></wp:meta_value>
		</wp:postmeta>
		<wp:postmeta>
			<wp:meta_key><![CDATA[_menu_item_classes]]></wp:meta_key>
			<wp:meta_value><![CDATA[a:1:{i:0;s:0:"";}]]></wp:meta_value>
		</wp:postmeta>
		<wp:postmeta>
			<wp:meta_key><![CDATA[_menu_item_xfn]]></wp:meta_key>
			<wp:meta_value><![CDATA[]]></wp:meta_value>
		</wp:postmeta>
		<wp:postmeta>
			<wp:meta_key><![CDATA[_menu_item_url]]></wp:meta_key>
			<wp:meta_value><![CDATA[]]></wp:meta_value>
		</wp:postmeta>
	</item>
</channel>
</rss>
