{"sidebar-1":{"search-2":{"title":""},"recent-posts-2":{"title":"","number":5},"recent-comments-2":{"title":"","number":5},"archives-2":{"title":"","count":0,"dropdown":0},"categories-2":{"title":"","count":0,"hierarchical":0,"dropdown":0},"meta-2":{"title":""}},"footer-1":{"recent-posts-3":{"title":"","number":5,"show_date":false}},"footer-2":{"tag_cloud-2":{"title":"Tags","count":0,"taxonomy":"post_tag"}},"footer-3":{"recent-comments-3":{"title":"","number":5}},"footer-4":{"text-2":{"title":"","text":"This is a custom text widget,here you can have your info , whatever you like","filter":"content"}}}